candidate,attempt_id,measured_block_sum_ms
cpu0-5,a-ad1210cbbe974469aeb482d5de2729b7,415.4564419295639
cpu0-5,a-cabe719b91c94408b36495437cf6ca88,403.1896819942631
cpu0-5,a-8a8619d9ac6244419e2e679c359e42fe,415.5042209313251
cpu1,a-b3e0f03f53c944739ec4da8e7e8588be,263.39330786140636
cpu1,a-15d4c429201f4220ba146c44cc606a6d,263.93413002369925
cpu1,a-d1c142b1fd4c4777b84552e96086597c,264.2745771445334
cpu2,a-42a329475f63445a95d803e4c0c43379,261.46765606245026
cpu2,a-618f97a31f5b4ac8895c90af374bb1ae,261.8870899314061
cpu2,a-b5bb07dccfb54c509c54b3dd3e894d9d,260.64925908576697
