label,block,candidate,attempt_id,measured_block_sum_ms
target-0-random,0,cpu2,a-955918df59074db789e7bdc5967c5c60,261.0676509793848
target-0-random,0,cpu2,a-7ae4345f859a4716bd98df3c872b1020,260.8025029185228
target-0-random,0,cpu2,a-b9b9d18f1a74493a8567c324965af4bf,261.2590299686417
target-0-lookup,0,cpu2,a-5568630324a94e15865cc961f83dcf1e,261.10494101885706
target-0-lookup,0,cpu2,a-cf23e5e21d854dca8ccef6620aea687c,261.29281608155
target-0-lookup,0,cpu2,a-fe3b3875ad3541dca838409f340de27d,260.9665530035272
target-0-qlognei,0,cpu2,a-bce41b9107dc4014abb161862f3298ba,261.4102890365757
target-0-qlognei,0,cpu2,a-f6f6f3c520dc4e50828b7d60bd8e8d06,261.3575999857858
target-0-qlognei,0,cpu2,a-07a1f393eaee45368a879e84b9002d93,261.251324089244
target-1-qlognei,1,cpu2,a-63bc8c740d9f46538229a9398e267880,261.4781649899669
target-1-qlognei,1,cpu2,a-e0927bbec7124327ad55312ef9874da7,262.37774500623345
target-1-qlognei,1,cpu2,a-52b10a3583234f53b21c2e1738536312,260.9159318963066
target-1-lookup,1,cpu2,a-de4bfc866cff40e48cfa2a5e411f430f,260.61579695669934
target-1-lookup,1,cpu2,a-6d2a2528091e4b3886eae62931e47afc,261.282577062957
target-1-lookup,1,cpu2,a-eacb1c7ae46a49d383b1b7a3ea6d147e,261.3934901310131
target-1-random,1,cpu2,a-40e0432465624d62a71bb15b7a7585b6,260.80996193923056
target-1-random,1,cpu2,a-0904f963e94e4f449a661b7036dfc0e0,260.6263070483692
target-1-random,1,cpu2,a-dec0194ecb4543d0a55d32552747ee86,261.17822696687654
target-2-qlognei,2,cpu1,a-9352187489ac4deebe492d789323c4f0,263.7389558949508
target-2-qlognei,2,cpu1,a-04b98ea67f144d9d968c733f76bc6a5d,264.1301899566315
target-2-qlognei,2,cpu1,a-476eb52324054370a68b6edaec5e411a,264.4768518512137
target-2-random,2,cpu2,a-b08a0fc52a1248c285f2bcd490580ed3,260.18173404736444
target-2-random,2,cpu2,a-89996228250242cf9939d6215e0d53d8,260.5851608677767
target-2-random,2,cpu2,a-6ee96868dcb24f90b3f3280a284aeda1,261.20567397447303
target-2-lookup,2,cpu2,a-6ed12ad5bc2141309405f8c1ca5efbc0,260.9753549913876
target-2-lookup,2,cpu2,a-57911a86b06f4e09aa08a696ac7f1031,260.97657007630914
target-2-lookup,2,cpu2,a-b008ec19020c441194d0cd236d4c0532,260.92631404753774
