order,block,strategy,seed,label,state,selected_candidate,recommendation_status,stop_reason,posthoc_selection_regret_fraction,independent_confirmation_mean_seconds,study_wall_seconds,planning_seconds,allocated_gpu_seconds,first_use_gpu_seconds_including_history,first_use_wall_seconds_including_history,pilot_jobs,confirmation_jobs,failed_jobs,model_based_choices,choice_reasons,queue_seconds_known,unknown_queue_intervals
1,0,random,2026100301,target-0-random,COMPLETED,cpu2,CONFIRMED_RECOMMENDATION,,0.0,0.26104306128884974,344.722924,0.00023910996969789267,38.0,38.0,344.722924,8,6,0,0,"['SEEDED_RANDOM', 'SEEDED_RANDOM', 'SEEDED_RANDOM', 'SEEDED_RANDOM', 'SEEDED_RANDOM', 'SEEDED_RANDOM', 'SEEDED_RANDOM', 'SEEDED_RANDOM', 'INDEPENDENT_FINAL_CONFIRMATION', 'INDEPENDENT_FINAL_CONFIRMATION', 'INDEPENDENT_FINAL_CONFIRMATION', 'INDEPENDENT_FINAL_CONFIRMATION', 'INDEPENDENT_FINAL_CONFIRMATION', 'INDEPENDENT_FINAL_CONFIRMATION']",1.0,0
2,0,lookup,2026100301,target-0-lookup,COMPLETED,cpu2,CONFIRMED_RECOMMENDATION,,0.0,0.26112143670131144,150.640709,0.0,14.0,60.0,529.826152,0,6,0,0,"['INDEPENDENT_FINAL_CONFIRMATION', 'INDEPENDENT_FINAL_CONFIRMATION', 'INDEPENDENT_FINAL_CONFIRMATION', 'INDEPENDENT_FINAL_CONFIRMATION', 'INDEPENDENT_FINAL_CONFIRMATION', 'INDEPENDENT_FINAL_CONFIRMATION']",0.0,0
3,0,qlognei,2026100301,target-0-qlognei,COMPLETED,cpu2,CONFIRMED_RECOMMENDATION,,0.0,0.2613397377038685,350.891631,1.1438313459511846,36.0,36.0,350.891631,8,6,0,5,"['INITIAL_DESIGN_INSUFFICIENT_OBSERVATIONS', 'INITIAL_DESIGN_INSUFFICIENT_OBSERVATIONS', 'INITIAL_DESIGN_INSUFFICIENT_OBSERVATIONS', 'CONSTRAINED_QLOGNEI', 'CONSTRAINED_QLOGNEI', 'CONSTRAINED_QLOGNEI', 'CONSTRAINED_QLOGNEI', 'CONSTRAINED_QLOGNEI', 'INDEPENDENT_FINAL_CONFIRMATION', 'INDEPENDENT_FINAL_CONFIRMATION', 'INDEPENDENT_FINAL_CONFIRMATION', 'INDEPENDENT_FINAL_CONFIRMATION', 'INDEPENDENT_FINAL_CONFIRMATION', 'INDEPENDENT_FINAL_CONFIRMATION']",4.0,0
4,1,qlognei,2026100302,target-1-qlognei,COMPLETED,cpu2,CONFIRMED_RECOMMENDATION,,0.0,0.261590613964169,350.957482,0.19134084292454645,37.0,37.0,350.957482,8,6,0,5,"['INITIAL_DESIGN_INSUFFICIENT_OBSERVATIONS', 'INITIAL_DESIGN_INSUFFICIENT_OBSERVATIONS', 'INITIAL_DESIGN_INSUFFICIENT_OBSERVATIONS', 'CONSTRAINED_QLOGNEI', 'CONSTRAINED_QLOGNEI', 'CONSTRAINED_QLOGNEI', 'CONSTRAINED_QLOGNEI', 'CONSTRAINED_QLOGNEI', 'INDEPENDENT_FINAL_CONFIRMATION', 'INDEPENDENT_FINAL_CONFIRMATION', 'INDEPENDENT_FINAL_CONFIRMATION', 'INDEPENDENT_FINAL_CONFIRMATION', 'INDEPENDENT_FINAL_CONFIRMATION', 'INDEPENDENT_FINAL_CONFIRMATION']",3.0,0
5,1,lookup,2026100302,target-1-lookup,COMPLETED,cpu2,CONFIRMED_RECOMMENDATION,,0.0,0.26109728805022314,151.368757,0.0,15.0,61.0,530.5542,0,6,0,0,"['INDEPENDENT_FINAL_CONFIRMATION', 'INDEPENDENT_FINAL_CONFIRMATION', 'INDEPENDENT_FINAL_CONFIRMATION', 'INDEPENDENT_FINAL_CONFIRMATION', 'INDEPENDENT_FINAL_CONFIRMATION', 'INDEPENDENT_FINAL_CONFIRMATION']",0.0,0
6,1,random,2026100302,target-1-random,COMPLETED,cpu2,CONFIRMED_RECOMMENDATION,,0.0,0.2608714986514921,350.995023,0.00030392996268346906,37.0,37.0,350.995023,8,6,0,0,"['SEEDED_RANDOM', 'SEEDED_RANDOM', 'SEEDED_RANDOM', 'SEEDED_RANDOM', 'SEEDED_RANDOM', 'SEEDED_RANDOM', 'SEEDED_RANDOM', 'SEEDED_RANDOM', 'INDEPENDENT_FINAL_CONFIRMATION', 'INDEPENDENT_FINAL_CONFIRMATION', 'INDEPENDENT_FINAL_CONFIRMATION', 'INDEPENDENT_FINAL_CONFIRMATION', 'INDEPENDENT_FINAL_CONFIRMATION', 'INDEPENDENT_FINAL_CONFIRMATION']",1.0,0
7,2,qlognei,2026100303,target-2-qlognei,COMPLETED,cpu1,CONFIRMED_RECOMMENDATION,,0.009691289713812168,0.26411533256759867,276.566287,0.1879686620668508,29.0,29.0,276.566287,8,3,0,5,"['INITIAL_DESIGN_INSUFFICIENT_OBSERVATIONS', 'INITIAL_DESIGN_INSUFFICIENT_OBSERVATIONS', 'INITIAL_DESIGN_INSUFFICIENT_OBSERVATIONS', 'CONSTRAINED_QLOGNEI', 'CONSTRAINED_QLOGNEI', 'CONSTRAINED_QLOGNEI', 'CONSTRAINED_QLOGNEI', 'CONSTRAINED_QLOGNEI', 'INDEPENDENT_FINAL_CONFIRMATION', 'INDEPENDENT_FINAL_CONFIRMATION', 'INDEPENDENT_FINAL_CONFIRMATION']",1.0,0
8,2,random,2026100303,target-2-random,COMPLETED,cpu2,CONFIRMED_RECOMMENDATION,,0.0,0.2606575229632047,346.396544,0.0002662399201653898,39.0,39.0,346.396544,8,6,0,0,"['SEEDED_RANDOM', 'SEEDED_RANDOM', 'SEEDED_RANDOM', 'SEEDED_RANDOM', 'SEEDED_RANDOM', 'SEEDED_RANDOM', 'SEEDED_RANDOM', 'SEEDED_RANDOM', 'INDEPENDENT_FINAL_CONFIRMATION', 'INDEPENDENT_FINAL_CONFIRMATION', 'INDEPENDENT_FINAL_CONFIRMATION', 'INDEPENDENT_FINAL_CONFIRMATION', 'INDEPENDENT_FINAL_CONFIRMATION', 'INDEPENDENT_FINAL_CONFIRMATION']",2.0,0
9,2,lookup,2026100303,target-2-lookup,COMPLETED,cpu2,CONFIRMED_RECOMMENDATION,,0.0,0.26095941303841147,150.587581,0.0,17.0,63.0,529.7730240000001,0,6,0,0,"['INDEPENDENT_FINAL_CONFIRMATION', 'INDEPENDENT_FINAL_CONFIRMATION', 'INDEPENDENT_FINAL_CONFIRMATION', 'INDEPENDENT_FINAL_CONFIRMATION', 'INDEPENDENT_FINAL_CONFIRMATION', 'INDEPENDENT_FINAL_CONFIRMATION']",0.0,0
