job_id,attempt_id,mode,candidate_ref,elapsed_seconds,quality_value,work_units,allocated_device_seconds,queue_seconds,mlflow_run_id
j-36263a713bc74bd1b36c03930df5fd2c,a-dffa1079ce8c443fbc110379d5a072ac,pilot,cpu1,0.0013038099859841168,1.0,100,2.0,0.0,626d30a16f6e4570b0254358d06d862e
j-af89f59a60464e4298d88170f182c08f,a-594a7e041003434b9f654e57b8f581bc,pilot,cpu2,0.0013161817332729697,1.0,100,2.0,0.0,dc2ac99a3ec64d7398f65dc14f8036de
j-3443d0fad09645bd9dd84c2918c781bc,a-a2fa76bfcccb4bd6b64f9ba48ce1ecc5,pilot,cpu1,0.0013149062870070338,1.0,100,2.0,0.0,10381d6ccf74458fb8313a04cc1e4491
j-3b6524e342674b06989b99b49af5cd90,a-8cc397e92495494c945bebf5319e2cc1,pilot,cpu2,0.0013092122389934957,1.0,100,2.0,1.0,a160fd88411543cc9a1252875c634837
j-c686cc03fbdc4d3494e77d370a778afb,a-ec37198858184accb0ac2a5f929a61c9,pilot,cpu2,0.0013015109580010176,1.0,100,2.0,1.0,3c0bd428588041e2902b60af3679a468
j-98bb787fd0fa483cb30f6a47f43be8ac,a-e9e9c90391a146cf897b965c04fd82ae,pilot,cpu1,0.0013134150649420917,1.0,100,2.0,0.0,b059a5e0fcb94ee7ace7ee796ca214a3
j-90f86e682881488d8aa1608c1e9a2930,a-b44b7a58bf4c4840b012f7b67318efd5,pilot,cpu2,0.0013085348764434457,1.0,100,2.0,0.0,35768d036cb24552a8bce0b6be154a42
j-17e47abcd55e48b2ada6f719c9d647c3,a-8e1d341625fc43a6b3bf777fc2cc16bd,pilot,cpu1,0.0013085215468890965,1.0,100,2.0,0.0,d3b59cb71baf430b8f8e36805935e2ea
j-7547b904f8514d9193ff1e9efcf9ba38,a-f74301fe4bd34edf8bff863899b27dff,pilot,cpu2,0.0013212605263106525,1.0,100,2.0,0.0,a87bb992d2cc4e4f9efd36b005451462
j-756adb12519740aea98fe7935e65357a,a-d64dad66790a447a8a606004c0cf64ce,pilot,cpu1,0.0013065396924503148,1.0,100,2.0,0.0,d5528decf9224ffc9ff0cc19af2e90f4
j-f6394af5f5b74534ba3d7a0821696963,a-9536e06375154b38a44ed10dc625cffc,confirmation,cpu1,0.0013167282450012863,1.0,100,2.0,0.0,1df3d14e7c8d482986adbcfb5c2aaff7
j-b1762b894939436d9e15fb33e3ef5c0e,a-2cb94f1c7cf245d6b5f6cf08c837048d,confirmation,cpu1,0.0013089599087834358,1.0,100,2.0,0.0,89a91ecffd9d47668c0f0192e4ff8356
j-22b59c14c5734259a239cbe0b35deef3,a-85a5efa05eb94027b2c067688e15fd96,confirmation,cpu1,0.0013055831659585238,1.0,100,2.0,0.0,2b83e70252df4e92b6232ec10e578963
