slot,block,arm,phase,job_id,attempt_id,work_units,seconds_per_work_unit,allocated_device_seconds,queue_seconds,preparation_seconds,collection_seconds,end_to_end_seconds,temperature_celsius
0,0,cpu1,F1,j-be0e03720d0b4fa894b212486c1a1ac0,a-4cd5ca2cf927482ca7f0d7d43ff40ad5,10,1.4262000331655144e-05,2.0,1.0,0.0,0.073304,9.522289,
1,0,cpu2,F1,j-d102fd07c4134177888b835a7ba39b93,a-8adcf434b4284ff99270bf17178056d3,10,1.4187500346451997e-05,2.0,0.0,1.0,0.057379,9.950092,
2,0,cpu2,F2,j-3397f886b7a14eca89a1c07b1666f88f,a-87a6e58d80844f38a5f23737a16304bc,100,1.3089067651890218e-05,2.0,0.0,1.0,0.063693,10.579929,
3,0,cpu1,F3,j-1c109c291fce49099ddc13c0bae898f4,a-bf335d23418840b0a1a3e8cd74d51068,100,1.3232711353339255e-05,3.0,0.0,1.0,0.118746,10.039458,
4,0,cpu2,F3,j-8a2b0b9cb67946759195462b713a8405,a-b7861919a099479dada3e710cc8b9511,100,1.3023039791733026e-05,2.0,0.0,1.0,0.107447,10.4294,
5,0,cpu1,F2,j-c3cf4123bd85443f91546bf8451234dc,a-fb28613aa0474360965d396125d6921a,100,1.3079767813906074e-05,2.0,0.0,1.0,0.054173,15.157102,
6,1,cpu2,F3,j-daca8bd4cd374d599a536a352a9e02c0,a-65a12143c61c45dd85879023fb21b9f4,100,1.3023518258705735e-05,2.0,0.0,0.0,0.063747,9.627485,
7,1,cpu2,F2,j-f3957302a01a4d29b3b6a60c221c58cf,a-2d22132621f743c49dcf5ea1907a3929,100,1.3023520587012172e-05,2.0,0.0,1.0,0.072063,10.231147,
8,1,cpu1,F2,j-32c30c78b35d4719af5119c3ef4a8ad3,a-471816af8bcc4a11a585507394372e78,100,1.3189043384045363e-05,2.0,0.0,1.0,0.106347,9.810537,
9,1,cpu1,F3,j-454fa013c49449f7938974a96b1286f6,a-80fcc9ef59c4429681ebf3195914b4c9,100,1.3176808133721351e-05,2.0,0.0,1.0,0.048935,10.380933,
10,1,cpu2,F1,j-14e19bde6867436fa9d8eb5693de61f2,a-e207a26e3d7a48398e342338abbc0997,10,1.4190695947036146e-05,2.0,1.0,0.0,0.051012,9.951617,
11,1,cpu1,F1,j-8bd0891078064c7cbf3360523daef47a,a-6a74c010ae7c4354a4dceec4a20a20ba,10,1.4326401287689806e-05,2.0,0.0,1.0,0.064998,10.508235,
12,2,cpu2,F1,j-45c8532d7a0a499ea7026276c4962ee4,a-0817b2ed0c8248dcb445cb4394a76ed8,10,1.4745298540219664e-05,2.0,0.0,1.0,0.051859,10.111776,
13,2,cpu1,F2,j-13925d8dd664410795ca140f7498496c,a-3201f05f8f4443b7a4850614e8ac4057,100,1.3183960109017789e-05,2.0,0.0,0.0,0.057252,9.436221,
14,2,cpu1,F1,j-bebc5080930545258073df0bf27769db,a-16dd626bda514f6e9f7c5d92c5b2ac7c,10,1.4168804045766593e-05,2.0,0.0,1.0,0.052044,10.005186,
15,2,cpu1,F3,j-edb20fe2872e4a8fb0dbbf5e431ecaaa,a-387f01ee33fb4245a752b8f3b33f40ac,100,1.3166660792194307e-05,2.0,0.0,1.0,0.064478,15.713513,
16,2,cpu2,F3,j-b2927db686914c5c8959a8532c3a8011,a-8ea7be6270d84ab5b158fdcca5210579,100,1.295505091547966e-05,2.0,0.0,1.0,0.049296,10.053158,
17,2,cpu2,F2,j-46672fa8203d4363bcf80f2fae9a4d0a,a-043933d0a4944a919268b85a68787ad0,100,1.3209261232987047e-05,3.0,0.0,1.0,0.05377,10.685851,
