round,strategy,mode,candidate,attempt_id,job_state,error,elapsed_seconds,quality_value,peak_memory_mib,device_seconds,cost_source
before_queue_fix,lookup,confirmation,cpu1,a-ac2c0bbc101f498c838769be00117f3d,CANCELED,QUEUE_DEADLINE_EXCEEDED,,,,53,conservative_reservation_unknown_actual
before_queue_fix,random,pilot,cpu2,a-cac4e657b1e94ef69991eb4314cc4c90,SUCCEEDED,,0.0002752429572865367,1.0,9.125,2.0,scheduler_allocation
before_queue_fix,random,pilot,cpu1,a-dc7c61a1a94943f2a485e0c30135cf17,SUCCEEDED,,0.00027194106951355934,1.0,9.125,2.0,scheduler_allocation
before_queue_fix,random,pilot,cpu2,a-4f3cd50b50b1405dbdc134a93aea8c82,SUCCEEDED,,0.00026969797909259796,1.0,9.125,2.0,scheduler_allocation
before_queue_fix,random,pilot,cpu1,a-96413289a03e4b6fbf573d569667092c,SUCCEEDED,,0.00026936002541333437,1.0,9.125,2.0,scheduler_allocation
before_queue_fix,random,confirmation,cpu1,a-292afb06c2254ceabd7751ebeb178538,CANCELED,QUEUE_DEADLINE_EXCEEDED,,,,53,conservative_reservation_unknown_actual
before_queue_fix,qlognei,pilot,cpu2,a-1b64a22f11dd4a6da6ac315c774c6293,SUCCEEDED,,0.0002798939822241664,1.0,9.125,2.0,scheduler_allocation
before_queue_fix,qlognei,pilot,cpu1,a-1515014e40a742c2b91673d19bc51e32,SUCCEEDED,,0.00026999693363904953,1.0,9.125,2.0,scheduler_allocation
before_queue_fix,qlognei,pilot,cpu2,a-0fcf762d4abc40caa26691009fe80b20,SUCCEEDED,,0.00026682205498218536,1.0,9.125,2.0,scheduler_allocation
before_queue_fix,qlognei,pilot,cpu2,a-acb65ad0c2b94c939aa4ababe7488350,SUCCEEDED,,0.0002788060228340328,1.0,9.125,2.0,scheduler_allocation
before_queue_fix,qlognei,confirmation,cpu1,a-c9e08d3b1eea4991a920ba55e9edccf6,CANCELED,QUEUE_DEADLINE_EXCEEDED,,,,53,conservative_reservation_unknown_actual
after_queue_fix,lookup,confirmation,cpu1,a-a14cdbcbf8f34747bb7d2ade795bfdd6,CANCELED,QUEUE_DEADLINE_EXCEEDED,,,,27,conservative_reservation_unknown_actual
after_queue_fix,random,pilot,cpu2,a-b04e649ce36d483dafd15f0e635cbc78,SUCCEEDED,,0.00027175917057320476,1.0,9.125,3.0,scheduler_allocation
after_queue_fix,random,pilot,cpu1,a-5156dbda96ed4d46b057238d07982c83,SUCCEEDED,,0.00027023785514757037,1.0,9.125,3.0,scheduler_allocation
after_queue_fix,random,pilot,cpu2,a-68bde47556d747dfac3894d74a194c98,SUCCEEDED,,0.0002747368416748941,1.0,9.125,2.0,scheduler_allocation
after_queue_fix,random,pilot,cpu1,a-78b8375036e245d0996e9eaa60b9609e,SUCCEEDED,,0.00027847691671922803,1.0,9.125,2.0,scheduler_allocation
after_queue_fix,random,confirmation,cpu1,a-8e0e2ae89cb842b3bb468752aee457d5,SUCCEEDED,,0.0002710819826461375,1.0,9.125,2.0,scheduler_allocation
after_queue_fix,random,confirmation,cpu1,a-7b5ef75d1ca247be897f0901c027a775,SUCCEEDED,,0.0002714702859520912,1.0,9.125,2.0,scheduler_allocation
after_queue_fix,random,confirmation,cpu2,a-ee7242ceb64d453ba0653825a89fcf20,SUCCEEDED,,0.0002716287272050977,1.0,9.125,2.0,scheduler_allocation
after_queue_fix,random,confirmation,cpu2,a-93ebd77c800e4d94a6cb5e08ef0cdd9b,SUCCEEDED,,0.000278717081528157,1.0,9.125,2.0,scheduler_allocation
after_queue_fix,random,confirmation,cpu2,a-628f93e56d5f40678d8677b1d80a7431,SUCCEEDED,,0.00027361209504306316,1.0,9.125,2.0,scheduler_allocation
after_queue_fix,random,confirmation,cpu1,a-7ba2669eeeda46a3a10950503fce29d4,SUCCEEDED,,0.0002720329794101417,1.0,9.125,2.0,scheduler_allocation
after_queue_fix,qlognei,pilot,cpu2,a-737e7c9354184fa88f70a0627b06f0ab,SUCCEEDED,,0.0002753800363279879,1.0,9.125,2.0,scheduler_allocation
after_queue_fix,qlognei,pilot,cpu1,a-540a9ad229234da9a78c3e5ce84391e5,SUCCEEDED,,0.00026986817829310894,1.0,9.125,2.0,scheduler_allocation
after_queue_fix,qlognei,pilot,cpu2,a-eced73d4d5c548239587b65bfda84c44,SUCCEEDED,,0.00027455599047243595,1.0,9.125,2.0,scheduler_allocation
after_queue_fix,qlognei,pilot,cpu2,a-0d7cd2468810427a960bca100a24b4ad,SUCCEEDED,,0.0002699150936678052,1.0,9.125,3.0,scheduler_allocation
after_queue_fix,qlognei,confirmation,cpu1,a-0ab15e1ab8e344268165480ebd872233,SUCCEEDED,,0.0002725927624851465,1.0,9.125,2.0,scheduler_allocation
after_queue_fix,qlognei,confirmation,cpu1,a-014fe2e95ac64f0a90fa43614f961113,SUCCEEDED,,0.0002747078542597592,1.0,9.125,2.0,scheduler_allocation
after_queue_fix,qlognei,confirmation,cpu1,a-ad920dfb744c403c81912f5ad52b8dba,SUCCEEDED,,0.00026924110716208816,1.0,9.125,2.0,scheduler_allocation
