job_id,attempt_id,mode,candidate_ref,workload_ref,fidelity,block,elapsed_seconds,quality_value,work_units,allocated_device_seconds,queue_seconds,mlflow_run_id
j-0ae9d99419b3458d9478afcbbc6f9beb,a-265816b661db4133933ef13cc66723bc,pilot,cpu1,mixed-142740-full,1.0,0,0.001318588969297707,1.0,100,2.0,0.0,72607331fef84ab6b44178ec00b315ff
j-6128948203144db3a30f7f1a8953335e,a-6d4e1257d925495f8f5d46db82b8fc13,pilot,cpu2,mixed-142740-full,1.0,0,0.0013061497011221945,1.0,100,2.0,0.0,f55c075aa0eb4011a21a68ef9af551c9
j-8f91b37a4acc42dfb2b48615f734199a,a-7c22c7abca5549a59118aba610558d78,pilot,cpu2,mixed-142740-short,0.1,0,0.00013837689766660333,1.0,10,2.0,1.0,c49735a03f0b4a18811205639baa1303
j-0e5ea18bf8f94a6284ccb878e0385f46,a-023c889696c8487d9feb9a04af3f5142,pilot,cpu1,mixed-142740-short,0.1,0,0.00014098500832915306,1.0,10,3.0,0.0,45008fc3ba684bbc81cdb1977c4dce29
j-7506895d1a04400abc71c58b5ba160c7,a-6e1c2233331043b09e8f755370787cbf,pilot,cpu2,mixed-142740-full,1.0,1,0.0013496943283826113,1.0,100,2.0,0.0,829e7204d6bb4e6aabea3849e7d8cd85
j-7d7eecb47756439cac720a95081a179e,a-9b4cde3bdece46938d7fea492f09edad,pilot,cpu1,mixed-142740-full,1.0,1,0.0013143682735972106,1.0,100,2.0,0.0,5b3e453552f84ada92fe9a50b6f03797
j-39e7162279e14acc93d6904eb689ae83,a-315b0c581f474ccabd0165af85de4c93,pilot,cpu1,mixed-142740-short,0.1,1,0.00014089391333982348,1.0,10,2.0,0.0,eefad672a1aa42e8a9e035c988fceb57
j-13f7f0db0bc64114a66f6387d23cb020,a-4bff3b5ddca94b45bc153a17b83db80a,pilot,cpu2,mixed-142740-short,0.1,1,0.00013987498823553324,1.0,10,2.0,0.0,803066ff08fa48fab0bd33974bb43be5
j-d0fd68adc313449381d1998873656157,a-990cba16b52a419f9bf73491e84501c3,pilot,cpu1,mixed-142740-full,1.0,2,0.0013353371759876609,1.0,100,2.0,0.0,ed59d063d783478bb207e07d1e973d78
j-c1a67dafb8a744e48758eaa5ada2856d,a-b67e53e999384a878f72ac09008877c2,pilot,cpu1,mixed-142740-short,0.1,2,0.00013756914995610714,1.0,10,2.0,0.0,892cfce26bda4d129f13649c8bee19a8
j-76110fc8d16048b192e23e2106794538,a-7e8c5e009dee4b08b6cc053e14a05dd8,pilot,cpu2,mixed-142740-short,0.1,2,0.00014323106734082103,1.0,10,2.0,0.0,41734bb4db1b4fb1a1d870974a791792
j-440b9151226449ed837896b04515e88d,a-2fb6a0b04b1a4639acc73d9714408abb,pilot,cpu2,mixed-142740-full,1.0,2,0.0013179798843339086,1.0,100,2.0,1.0,05598908331242519d1bbe2157100372
j-c509a384fbcc49eb8eb08790fd7b3b49,a-953e9d87a6334a46b6afddcf550d5990,confirmation,cpu1,mixed-142740-full,1.0,,0.0013042754144407809,1.0,100,3.0,0.0,70a53948b8704e2f807b36b208e7d069
j-7a35ae0489734edd845f8a54b29ca510,a-0493953352834e1dbc02544e2465d2d4,confirmation,cpu2,mixed-142740-full,1.0,,0.0013233094941824675,1.0,100,2.0,0.0,f6a45f4a5eb94d8bb71f3bd50d273e1b
j-aa7b6c5551a6467e943a13c6b41b3164,a-e2ea148cab804fcd966df76286ba6256,confirmation,cpu1,mixed-142740-full,1.0,,0.0013130970182828605,1.0,100,2.0,0.0,4226bcc3ee8f4a89a2c917e3742fa142
j-f43d47c126ee4369939c30ec5f23e32a,a-d6aa342a1c5a4ea08ee7bd4d22738761,confirmation,cpu1,mixed-142740-full,1.0,,0.0013282401487231255,1.0,100,2.0,0.0,82034f9ed21349b890c528d40eea5728
j-4ec066ceae574223912f6b568ee39a96,a-ffa7907430ac4b80acec726e961e34df,confirmation,cpu2,mixed-142740-full,1.0,,0.0013011269038543105,1.0,100,2.0,0.0,2906e11fcedf4cbc974f40ff513b6a4f
j-6ab222fc7f654a45b492b24b02c1fd38,a-2b0b752b45ec48fea4eabf7b8a5b470e,confirmation,cpu2,mixed-142740-full,1.0,,0.001335970708169043,1.0,100,2.0,0.0,aff70e7edd264f02a43bda7d9215584b
