study_label,strategy,seed,mode,candidate_ref,job_id,attempt_id,elapsed_seconds,quality_value,allocated_device_seconds,queue_seconds,preparation_seconds,collection_seconds,maximum_observed_temperature_c,sensor_query_seconds,mlflow_run_id
history,grid_characterization,2026100301,pilot,cpu1,j-210daff6d45040768615637ee4c1f315,a-9d151c503a5147b9a34899d2365e0257,0.26290321291889995,1.0,2.0,0.0,0.0,0.100797,34.0,0.00254675408359617,d97068813b8b41dc88a4acc1470306d9
history,grid_characterization,2026100301,pilot,cpu0-5,j-f7c47e8aa2e4402bb1495e83a059e322,a-cd6ae10d534d40aab800460b9581c083,0.3859082359704189,1.0,4.0,0.0,1.0,0.069083,43.0,0.0027291419683024287,0b6bd344093946b1abee086995dca553
history,grid_characterization,2026100301,pilot,cpu2,j-32b55a43fb314139bb8d315d4df6caaa,a-f9cce8454318487595620c4852a0984c,0.26014228898566216,1.0,3.0,0.0,1.0,0.13033,33.0,0.0023880377993918955,65f63ada15d6432e9d0da724173761d8
history,grid_characterization,2026100301,pilot,cpu0-5,j-4697f39b16b440558993c6009c520b45,a-7fbb073f2d3545aebadfe4b802d998c6,0.4000980980345048,1.0,5.0,0.0,1.0,0.057575,37.0,0.003013382025528699,cee9a5db563940a19b7bc08bbceaab88
history,grid_characterization,2026100301,pilot,cpu1,j-1a6e9ce0e36449fb82b82e8f50b36b69,a-5a543783926241609df7c78de829a10a,0.2639208799228072,1.0,2.0,0.0,1.0,0.085967,39.0,0.0024374229833483696,ba6bbc82676f402f9ede9572facd6d00
history,grid_characterization,2026100301,pilot,cpu2,j-e4362d09fc644ddbae3aa7814aa6e83b,a-4642366e2c1d4cdfa69b8008ea5478ee,0.2599632360506803,1.0,2.0,0.0,1.0,0.056276,34.0,0.002433315268717706,e90ff6683f0e475c94b9e7c9ac14eccd
history,grid_characterization,2026100301,confirmation,cpu1,j-fed739ff0d89410294f812781dc17036,a-524912343ce74e8e822527e8a3caad59,0.26364132907474414,1.0,3.0,0.0,1.0,0.055968,48.0,0.00263955385889858,6059f83255e24a599faaadd3022e7a77
history,grid_characterization,2026100301,confirmation,cpu0-5,j-30a1602663124d749eb684ad05abbbde,a-792e5206814742d28039114088756f80,0.38808500301092863,1.0,4.0,0.0,1.0,0.075103,49.0,0.0030022680875845253,c68c2daa2ece4ee3bdd71616a00e95d7
history,grid_characterization,2026100301,confirmation,cpu2,j-e0a9e3a8046a4b688027d33bf0e20b7d,a-6f9be114c055403081d2f0d1c6c775f1,0.26121263194363564,1.0,2.0,0.0,1.0,0.070002,49.0,0.0024282339145429432,a4e5350d0ac042f2ae69371c5b08a295
history,grid_characterization,2026100301,confirmation,cpu1,j-c523234acf0948ef8ffac57956c5616c,a-594530177adb49e286321bc28f6198b4,0.2640203279443085,1.0,3.0,0.0,1.0,0.084066,35.0,0.0024146069190464914,dc5787b93b8046d58b0ce4f8b4793f4f
history,grid_characterization,2026100301,confirmation,cpu0-5,j-063259cb997746b498fdaa8087ee52a6,a-e2079d102c404fd6be1558539949d0cb,0.4041658210917376,1.0,4.0,0.0,1.0,0.103461,36.0,0.002783765783533454,469d4729f4a7402bb4f8f0cada43e94d
history,grid_characterization,2026100301,confirmation,cpu2,j-ae5a980a20d44e13abeaa3d965b57513,a-61a2f616c81740d1b83cbeefee017df9,0.26027287408942357,1.0,3.0,0.0,1.0,0.070285,35.0,0.0024280957877635956,87cd87da41e04b1aa008544faa0a7afc
history,grid_characterization,2026100301,confirmation,cpu0-5,j-21623ec4ee4c4ade85656395e7cb7649,a-f1c5bc8d86c647e2a6a8efff93bec3ee,0.39278627710882574,1.0,5.0,0.0,1.0,0.077535,50.0,0.002728844992816448,25ecb3b61105491d823e60f7bcd1fae7
history,grid_characterization,2026100301,confirmation,cpu1,j-c06a046455c94cefa0130595c8292e76,a-58de01dbc4ab441481eb0368a3e1a32f,0.26323057006811723,1.0,2.0,0.0,0.0,0.06648,35.0,0.002416278119198978,6681afd99e8a4fdcada8e72ada3bdf01
history,grid_characterization,2026100301,confirmation,cpu2,j-20ceaa29fd2b4dc9a37ea5f31f71289e,a-764339eb413242a1ac7bf193c670dce8,0.26062367006670684,1.0,2.0,0.0,1.0,0.132677,35.0,0.0026107929297722876,19c909df0bde43d68c15eb0b6e5224fd
target-0-random,random,2026100301,pilot,cpu2,j-263576b1540c42128b98c206cfe626c9,a-9f64b45f580542c6b1b621496bfb8e76,0.26029811694752425,1.0,3.0,0.0,1.0,0.062018,52.0,0.0025554870953783393,27d59828d83e444697202aa0f1aafcd5
target-0-random,random,2026100301,pilot,cpu1,j-ef89d73fec9f4177a82526cb9f5f018b,a-c1480844c177419bae06b4e45231b3e1,0.264262076059822,1.0,3.0,0.0,1.0,0.076327,36.0,0.0024860809789970517,92f66163b3464d8480730e03bcca9d93
target-0-random,random,2026100301,pilot,cpu1,j-790c4db40c074359a193f41d796429d1,a-1292e70a08ff4e5b9896a8fe40186ef4,0.2635968549293466,1.0,3.0,0.0,1.0,0.070158,36.0,0.0026594899827614427,2cdb34e6df7f405e97957c0f44098312
target-0-random,random,2026100301,pilot,cpu1,j-4fcdbe59c45049f59f9b93bf93e2aa96,a-83df1d7227ba48fba987d9df1c6b167c,0.26415697182528675,1.0,3.0,0.0,1.0,0.112752,42.0,0.0024677940527908504,3f3b889aad2a415b801d3928fea08491
target-0-random,random,2026100301,pilot,cpu2,j-809e895751904898a26e286959094209,a-3aea49bafb8d47c69113175cdb4dba7d,0.2606471110484563,1.0,2.0,0.0,1.0,0.075122,36.0,0.0024237408069893718,e5b23809b398490abf22bfadbeba3bb0
target-0-random,random,2026100301,pilot,cpu1,j-a3734d21289441dab9014cbf8d51b8ba,a-bb0d581b21094c9b9e72805f2a7c2a33,0.2636598708922975,1.0,2.0,0.0,1.0,0.055571,50.0,0.002435434958897531,41bff86139574a878e560d343583c2c5
target-0-random,random,2026100301,pilot,cpu2,j-b3f0e9e698d14fda974503416460f30a,a-395599764a0743589cca7139c5c060f6,0.26086162618594244,1.0,3.0,0.0,1.0,0.070461,44.0,0.0025216788635589182,99fa6f0fde514aa389a4779ddcd248b8
target-0-random,random,2026100301,pilot,cpu1,j-fc56ad48b9b3408bbc3d84fcc221d9af,a-e5c37b5598094e76a60d5c1686ac0e27,0.2627015120233409,1.0,3.0,0.0,1.0,0.070162,37.0,0.002449217136017978,6d5b93c3606b4d5ab319b6bcd2c7e386
target-0-random,random,2026100301,confirmation,cpu1,j-c45562ed43fb4a838685bb3d85613f65,a-480d43910d2b44bc87bd52d8af3b2b57,0.26419907493982464,1.0,3.0,0.0,1.0,0.055438,36.0,0.00259820104110986,d32928858f994dfe98785b220bfd3c29
target-0-random,random,2026100301,confirmation,cpu2,j-6e171c7e3fe54e9aa667d0231edb11be,a-955918df59074db789e7bdc5967c5c60,0.2610676509793848,1.0,3.0,0.0,1.0,0.058532,36.0,0.0026218449347652495,4d7e974eb1e84eb3b28175934af1a8a7
target-0-random,random,2026100301,confirmation,cpu2,j-de08aea662e14d3bb84440deb1da2b3a,a-7ae4345f859a4716bd98df3c872b1020,0.2608025029185228,1.0,3.0,0.0,1.0,0.078454,37.0,0.0024678140180185437,d7573542713f47e1b500e7ad6b53347f
target-0-random,random,2026100301,confirmation,cpu1,j-c5461e48767d445cb49d18a7ed4d8731,a-1c5f1955b04344a5aa5fc476d8d6f3c6,0.2638930379762314,1.0,3.0,0.0,1.0,0.065951,36.0,0.00260987994261086,d409eba7ce734b7e99227fa38ba96fae
target-0-random,random,2026100301,confirmation,cpu2,j-f9fa7bb3024f4e49ac3d7b5f7ddc42ce,a-b9b9d18f1a74493a8567c324965af4bf,0.2612590299686417,1.0,2.0,1.0,0.0,0.074298,51.0,0.0025128640700131655,268e4dcf7ec347debf2eac9e4d507a0c
target-0-random,random,2026100301,confirmation,cpu1,j-87cc5c712113415a9845bfb3cca40980,a-810b214a70104651b54d3b8824fed266,0.2637866678996943,1.0,2.0,0.0,1.0,0.077331,37.0,0.0025465061189606786,0330799ab6094eb18712e75926c69b00
target-0-lookup,lookup,2026100301,confirmation,cpu1,j-2047c9615170482b944f1cc305641812,a-a4d7daa1a57748fc9809599eae3968d0,0.26403028808999807,1.0,2.0,0.0,1.0,0.06409,36.0,0.002691629226319492,3d59eb32182e4fb383127219e857835d
target-0-lookup,lookup,2026100301,confirmation,cpu2,j-e4d5094d468e48a5b043aba897c60e42,a-5568630324a94e15865cc961f83dcf1e,0.26110494101885706,1.0,2.0,0.0,1.0,0.070649,37.0,0.0025215440546162426,2649abc3659b456783f39f000fecf44f
target-0-lookup,lookup,2026100301,confirmation,cpu2,j-b59f33a4b95a470b8192b3c72330cce1,a-cf23e5e21d854dca8ccef6620aea687c,0.26129281608155,1.0,2.0,0.0,1.0,0.060051,37.0,0.002445300866384059,24aaf3745a3f485aa29b0b7d00261819
target-0-lookup,lookup,2026100301,confirmation,cpu1,j-be88bf9dbb71407391ecbebf4925565e,a-a411878f7f1940ddbf24ad6b895d5870,0.26364915893645957,1.0,3.0,0.0,1.0,0.058164,53.0,0.0024486470501869917,1f775aa9bc1d47a593569e7b7367365d
target-0-lookup,lookup,2026100301,confirmation,cpu2,j-7c08d4c4dcf34738aee0e57aecca5c16,a-fe3b3875ad3541dca838409f340de27d,0.2609665530035272,1.0,2.0,0.0,1.0,0.070507,37.0,0.002386451291386038,2c45f20e18c146f0bfddfcb2758d97d2
target-0-lookup,lookup,2026100301,confirmation,cpu1,j-f75ba696c0474c758f583ba38ad97f4f,a-65f0641d18c949acad0f93768a971578,0.26430435793008655,1.0,3.0,0.0,1.0,0.071712,37.0,0.0024330990272574127,645dbca9e0dc4b55825ed4a88813b822
target-0-qlognei,qlognei,2026100301,pilot,cpu2,j-c503a827d5a742b1910992c83627fc81,a-f91ecabf2ca0418c9056e7eeaa43ea59,0.26134844991611317,1.0,2.0,1.0,1.0,0.080503,52.0,0.002440500073134899,d8d7796f1efa4c65b3a6ecdfbedbc461
target-0-qlognei,qlognei,2026100301,pilot,cpu1,j-69b9cc453e1e44c18e77545ce4ff6310,a-d57cd062c8894ff3bb6d47771e7932f9,0.2643485549488105,1.0,2.0,1.0,1.0,0.072812,50.0,0.0026783020584844053,28575a7e16564ae683a144ea94ead5f4
target-0-qlognei,qlognei,2026100301,pilot,cpu0-5,j-8eedee99dcd04e02ae1831d7fbd7d180,a-756dd46acd42480fa37049418e9e1f74,0.40920007292879745,1.0,4.0,1.0,0.0,0.110572,40.0,0.002624325978104025,789738645cac46dea4287132e14ef3cf
target-0-qlognei,qlognei,2026100301,pilot,cpu2,j-c7a13affba434cdea3ea788926d5602a,a-077efa5392a34bf9acc3a94298aa93f2,0.26088580006035045,1.0,2.0,0.0,1.0,0.069741,52.0,0.0024109838414005935,c6d6aacccda549edaa0d7231bd1fea43
target-0-qlognei,qlognei,2026100301,pilot,cpu2,j-28efb7571fbc490ca8da585023a58a18,a-0aba98faec8a4707bdb96ef5cb076f07,0.2607361531117931,1.0,2.0,0.0,1.0,0.064996,45.0,0.0024116089334711432,64cfbdc73e96447382152716a766561f
target-0-qlognei,qlognei,2026100301,pilot,cpu2,j-ad0d593a58ff4af694ef94eb9de1b5f3,a-af8e13205e9244b4bfdcb7ecebf12fe9,0.26091202115640044,1.0,3.0,0.0,1.0,0.07675,37.0,0.0024525481276214123,0f714cbc5d98430bbcf2a19ea7e3c144
target-0-qlognei,qlognei,2026100301,pilot,cpu2,j-2c8848c994b2490293b6a03b94de978e,a-578c39cc5be54b4eb91d9b2bc2a11742,0.26060483301989734,1.0,3.0,0.0,1.0,0.061657,37.0,0.0024920140276663005,0f048545d04c43d3914351cee225840d
target-0-qlognei,qlognei,2026100301,pilot,cpu2,j-a2707313fd094bb0b7de60fe3cca1391,a-72c3eff4a37a4db19b98428b36a0dc75,0.2611308147897944,1.0,3.0,0.0,1.0,0.062313,50.0,0.0027657179161906242,d488b1fac50644cbb853a24512689913
target-0-qlognei,qlognei,2026100301,confirmation,cpu1,j-d4558aca11e540f086607f6daab7eb8d,a-067072a9d15647248992ffcc429e5187,0.26349868811666965,1.0,3.0,0.0,1.0,0.068038,52.0,0.0024815091164782643,3b57945a12654d13859f4c573e0efbe6
target-0-qlognei,qlognei,2026100301,confirmation,cpu2,j-6d354aadcd174a33998fec48d1c623af,a-bce41b9107dc4014abb161862f3298ba,0.2614102890365757,1.0,2.0,1.0,0.0,0.075931,37.0,0.0026049838052131236,dc2b5761549546b3a3b32080b47eb615
target-0-qlognei,qlognei,2026100301,confirmation,cpu2,j-7725acc1fc884a4292edc240692d7176,a-f6f6f3c520dc4e50828b7d60bd8e8d06,0.2613575999857858,1.0,2.0,0.0,1.0,0.081349,37.0,0.002466904988978058,05d3996d38344b0c891eae339000385b
target-0-qlognei,qlognei,2026100301,confirmation,cpu1,j-a889221dc6e5457d9e89d416c977b380,a-c34290738ad54d17bc0e5e2ee0ed79c6,0.2635156591422856,1.0,2.0,0.0,1.0,0.07793,52.0,0.002411845896858722,baadfcb7dfb14c48b4dd4319e25cac29
target-0-qlognei,qlognei,2026100301,confirmation,cpu2,j-653c7a8f23a44eccacf442fa2bc3556c,a-07a1f393eaee45368a879e84b9002d93,0.261251324089244,1.0,3.0,0.0,1.0,0.054441,43.0,0.0025295978994108737,bcac6904266c4c3a8d1ccb62faa44db0
target-0-qlognei,qlognei,2026100301,confirmation,cpu1,j-e3f46c5a7f2643abbb71acbe56e2c830,a-a87617cd5f034a469a7348fb1386935f,0.26349401904735714,1.0,3.0,0.0,1.0,0.062521,37.0,0.00245622789952904,c6b2a51e00f6405b88ef6588fc80df0c
target-1-qlognei,qlognei,2026100302,pilot,cpu1,j-77eaa86d173d4bc6a655657e5d856fba,a-756d4e4df6e5403595c8bb3d390a700f,0.2639096749480814,1.0,3.0,0.0,1.0,0.064462,52.0,0.00258766912156716,0ad0839f78d44f7dadfaad32579ef417
target-1-qlognei,qlognei,2026100302,pilot,cpu2,j-4612fc3c9f0e491da3584e36d06c63aa,a-ff1f33cf77ce4749ba2913dede7fbb2b,0.261346623999998,1.0,2.0,1.0,1.0,0.046753,37.0,0.002500830974895507,f009712d3051453295115e9d42146bbb
target-1-qlognei,qlognei,2026100302,pilot,cpu0-5,j-a40c1449045946cd83424516e4f43e50,a-c25f8a6f22a640b0b6d28f69d51a32b2,0.4004372079507448,1.0,5.0,0.0,1.0,0.079914,38.0,0.0049354820512235165,bbc5f21b14934d7aa9cbbb9ce6ca8750
target-1-qlognei,qlognei,2026100302,pilot,cpu1,j-b2be5505dcbb4b8fad81eae65e266535,a-c6e538d436db452994c8376161a4532d,0.26436230388935655,1.0,2.0,0.0,1.0,0.070127,37.0,0.0024649688275530934,6ca3314b89ba4f1f9fd771085e06f493
target-1-qlognei,qlognei,2026100302,pilot,cpu1,j-f134b190745a4d0aa02e1fdf7c3a48dd,a-225dee7b4240457ba7ff54c39936e9e6,0.2638506589573808,1.0,3.0,0.0,1.0,0.073735,37.0,0.002482278971001506,75244d4252f047d1976c8c65dd8eb022
target-1-qlognei,qlognei,2026100302,pilot,cpu1,j-f3fb11e9fce142ba81b6f750f131cef4,a-754d13daddda45f39c75d82fdc3ab6b2,0.2639020829810761,1.0,3.0,0.0,1.0,0.063923,37.0,0.0024015961098484695,bfb3c7ede34d498aab9b93e153aee730
target-1-qlognei,qlognei,2026100302,pilot,cpu1,j-646308fa1a744966a1a016000dabd88a,a-eeddeb8dba0244daa323a7d29eae1a59,0.26394954504212365,1.0,2.0,1.0,0.0,0.095031,45.0,0.0023875900078564882,067bf1322bbd4ed9994bcf9f85a33b6b
target-1-qlognei,qlognei,2026100302,pilot,cpu1,j-2c9ae7a6ca434710bca03bf6330a68e8,a-a68f93b25d4746e0a15a89c5480cf9b4,0.263796343060676,1.0,2.0,0.0,0.0,0.056663,46.0,0.0025272939819842577,1c16ba50d24341728c03dc3d8b148331
target-1-qlognei,qlognei,2026100302,confirmation,cpu1,j-dd33f818b9dd46af99568173c9f1f5f5,a-39f0e20474ba49898409c36bad7ec29f,0.26371300203027204,1.0,2.0,1.0,0.0,0.066444,52.0,0.002552879916038364,08d341f15f004849858874d0e16825f3
target-1-qlognei,qlognei,2026100302,confirmation,cpu2,j-9079f45a0564404c8be89a60c091dad8,a-63bc8c740d9f46538229a9398e267880,0.2614781649899669,1.0,2.0,0.0,1.0,0.070624,37.0,0.0024635899462737143,06ba7f8e9e4248229458520e9424fef2
target-1-qlognei,qlognei,2026100302,confirmation,cpu2,j-84ca7d80420c4e6ab37f9e4f8d9b175d,a-e0927bbec7124327ad55312ef9874da7,0.26237774500623345,1.0,3.0,0.0,1.0,0.090554,37.0,0.0026828418485820293,f55fe14b920b4f2683534f2b90cb3b6a
target-1-qlognei,qlognei,2026100302,confirmation,cpu1,j-9667b4aef3ba44f287a8277a7ca02af7,a-165465416f1444868f91aa18692918d9,0.2640861771069467,1.0,3.0,0.0,1.0,0.075156,37.0,0.002591441909316927,7dde404897c848e6bc125dec0b1b7a2d
target-1-qlognei,qlognei,2026100302,confirmation,cpu2,j-ccfcebfca39247c6aff2ee00e4f4f9e8,a-52b10a3583234f53b21c2e1738536312,0.2609159318963066,1.0,3.0,0.0,1.0,0.109207,37.0,0.0027294348692521453,68cfbe538a314f10a91d5c94e715e061
target-1-qlognei,qlognei,2026100302,confirmation,cpu1,j-bb075a94ab314e708f574bb69098441b,a-c01cb9d944dc40f59e2785c9e5eb24dc,0.2639257480041124,1.0,2.0,0.0,1.0,0.057123,49.0,0.0025537030305713415,8e4921bde36d426e926979935ff31287
target-1-lookup,lookup,2026100302,confirmation,cpu1,j-576177a969f94e008cf902f76ba0bc87,a-df9987d50cfe43f98184b425da439e3a,0.26401296292897314,1.0,3.0,0.0,1.0,0.113799,37.0,0.002436408947687596,814527aae95a4c559bc0403ef955148f
target-1-lookup,lookup,2026100302,confirmation,cpu2,j-bb73d2a988fa449d91eafd71eea64d82,a-de4bfc866cff40e48cfa2a5e411f430f,0.26061579695669934,1.0,3.0,0.0,1.0,0.072173,50.0,0.002498983987607062,12b2004b52194b878a5359646591892b
target-1-lookup,lookup,2026100302,confirmation,cpu2,j-1d54bf76681e4982ac01b82c3146ebb7,a-6d2a2528091e4b3886eae62931e47afc,0.261282577062957,1.0,3.0,0.0,1.0,0.075239,37.0,0.002433022018522024,25ed6c58bc694addb2e334314a02465a
target-1-lookup,lookup,2026100302,confirmation,cpu1,j-46fc707c5ef24fa5a1f1ea58e8d5af21,a-7b5bfafe9db144538edfbb129ed7c82d,0.26302440895233303,1.0,2.0,0.0,1.0,0.066009,55.0,0.0024257878540083766,45519ce82edc46a5ad2a0da6d65ff2da
target-1-lookup,lookup,2026100302,confirmation,cpu2,j-5d434241a45a4645a852ce83ffd798d3,a-eacb1c7ae46a49d383b1b7a3ea6d147e,0.2613934901310131,1.0,2.0,0.0,1.0,0.067751,50.0,0.0025596829946152866,fcbb923161e547db816dc202f5fc3dc2
target-1-lookup,lookup,2026100302,confirmation,cpu1,j-43253e82abcd4ba28fcead1a6422aa31,a-b12ecf4085b94c49a157a89fa54b4343,0.263555376091972,1.0,2.0,0.0,1.0,0.058534,51.0,0.0023979879915714264,23986b0f11534d37970c27797b0deb6e
target-1-random,random,2026100302,pilot,cpu1,j-b6492115bc33448daaed466e7efa8f4c,a-ffd6c75be13c49c28b48a151a3d1103d,0.26328151213238016,1.0,3.0,0.0,1.0,0.05217,37.0,0.0024781879037618637,84a6ad71a5db47988a46c213278428ee
target-1-random,random,2026100302,pilot,cpu1,j-df15869f27c74daf990ceb000e6633eb,a-ed8e3239d0bc4abd920c7424f526fc97,0.26379426202038303,1.0,3.0,0.0,1.0,0.115204,37.0,0.0027333780890330672,b102ebc17474449293a167261bf46c44
target-1-random,random,2026100302,pilot,cpu1,j-69570442f48f4f7eb9ff87d739125433,a-3fa6e7372e4f4c67b11906e324e503b9,0.2642493830062449,1.0,2.0,0.0,1.0,0.057206,37.0,0.002435516973491758,b5827c81c6b444819910bd7d3223c768
target-1-random,random,2026100302,pilot,cpu2,j-58d32c26966141649e8d5c34b1cf5701,a-47b835af9e6d4496a0cc55cf96403442,0.2606866331771016,1.0,2.0,1.0,0.0,0.056302,37.0,0.0025683569256216288,ce76e12ce8514c4a8ec24aadc1a45b0e
target-1-random,random,2026100302,pilot,cpu1,j-069b57c9a1a4471f9c2ebbb45e8f7fcf,a-f098206d10dd4bf5987f32ebac59193a,0.2641115018632263,1.0,2.0,0.0,1.0,0.066681,37.0,0.0024497370468452573,e51e683657b2472ebed2ea9847548c62
target-1-random,random,2026100302,pilot,cpu2,j-1696817b541746f2b7ca554adbbdddcc,a-554bfa5f003c4f6fa9a2566e1f3a2efb,0.2606643589097075,1.0,2.0,0.0,1.0,0.062928,37.0,0.002604511857498437,48716726d6b6463da554bf6ef86097a4
target-1-random,random,2026100302,pilot,cpu1,j-42df165d65c5443c927cc0398ac8dbc5,a-13886aa2f7a74b169deffc014acc0fcf,0.26425673090852797,1.0,2.0,0.0,1.0,0.08469,53.0,0.002430139866191894,309d8ee045f74c56aea6e6d5c8550042
target-1-random,random,2026100302,pilot,cpu0-5,j-acbe4b2facfb47c380623f63354396a1,a-dc993ec1fc3a49fb85aefcd8297ae031,0.42175909207435325,1.0,4.0,0.0,1.0,0.070556,38.0,0.0026787809911184013,c4d5c542af31463288cac16278b2e19b
target-1-random,random,2026100302,confirmation,cpu1,j-47f87b0375f94b08bc7f0c87d3a3754c,a-24231206b7ac4d549c28413e7f3a0e76,0.26359082793351263,1.0,3.0,0.0,1.0,0.070008,50.0,0.002452141954563558,6df20c67711044bda1f0f997da84b282
target-1-random,random,2026100302,confirmation,cpu2,j-a962269a01d04a308f08cb0d82fc7a97,a-40e0432465624d62a71bb15b7a7585b6,0.26080996193923056,1.0,3.0,0.0,1.0,0.081292,53.0,0.002493599837180227,054f95ae58bd45d4a069e2a5bca40a73
target-1-random,random,2026100302,confirmation,cpu2,j-03e14a77453b440ea67ce0b115fbe2e0,a-0904f963e94e4f449a661b7036dfc0e0,0.2606263070483692,1.0,3.0,0.0,1.0,0.149918,54.0,0.0025514591834507883,3c04f45691c841129416c53c33990bea
target-1-random,random,2026100302,confirmation,cpu1,j-f1842642646045c6bbcf800e2f3cc2af,a-d7b2a67350374e0282f8dca9331e72b2,0.2634767559939064,1.0,3.0,0.0,1.0,0.089788,37.0,0.0024335350608453155,2b9e0f5b1db748be90b31ad514472b27
target-1-random,random,2026100302,confirmation,cpu2,j-c6aa7d7ca77e433e954c3f93679fb2bd,a-dec0194ecb4543d0a55d32552747ee86,0.26117822696687654,1.0,2.0,0.0,1.0,0.065155,37.0,0.0024979679146781564,164ee302aee841bf9872fade229c625d
target-1-random,random,2026100302,confirmation,cpu1,j-1a5166f4e73d4dac894b22adbe756d5f,a-31d879f9ed8f40f6bc0f924ed6687e0a,0.2644404180464335,1.0,3.0,0.0,1.0,0.069574,37.0,0.0025263180141337216,da07c7175d854da08caad7bddcaa2501
target-2-qlognei,qlognei,2026100303,pilot,cpu1,j-afde208a03cc40fd8d76a99cc5d74e60,a-44b749541ba24a1e836215716657774f,0.26367038884200156,1.0,3.0,0.0,1.0,0.072759,37.0,0.0025818070862442255,76af3e3eb7d040cd8bf85b7e22f547c1
target-2-qlognei,qlognei,2026100303,pilot,cpu2,j-2efb24a5ef4046f28a3fd72c5659cb8e,a-d1345ca45d4540f591241d5f51195fd4,0.26574972888920456,1.0,3.0,0.0,1.0,0.077572,50.0,0.0025326069444417953,17a997eaa0134660a9ba45cec8499d41
target-2-qlognei,qlognei,2026100303,pilot,cpu0-5,j-75b0b12b69ab426a90a6fbf1f8192568,a-73214e14cfdb4ee2a25ae467f3dcc924,0.3976573999389075,1.0,4.0,0.0,1.0,0.065516,46.0,0.0029555759974755347,87d26cb5ec014ff3a6f3d564ab4cc20d
target-2-qlognei,qlognei,2026100303,pilot,cpu1,j-ca7cb80552a84844bc5a55b22bbe7a89,a-056cd23fd81f4a178affc1b986b5597d,0.2634408249286935,1.0,3.0,0.0,1.0,0.06847,38.0,0.0025138211203739047,0d9d347b11bd4276a3f12f8fdf0bd6ee
target-2-qlognei,qlognei,2026100303,pilot,cpu1,j-20f8e5b30f6a473c99e51a41768186f1,a-80462415a4e94096822235c3af04bea9,0.26312586112180725,1.0,2.0,1.0,0.0,0.061213,37.0,0.002434280002489686,d098404752684ac49e082d1958d03564
target-2-qlognei,qlognei,2026100303,pilot,cpu1,j-e40f5f9d865d43538f9dbb1dbc333e6b,a-97121ded8f8f4a6c920ef578db3db8c0,0.2634032749920152,1.0,3.0,0.0,1.0,0.06851,38.0,0.0025317250401712954,a63332ebd75042c99851e023fbd7f7df
target-2-qlognei,qlognei,2026100303,pilot,cpu1,j-946a5bfd776e43938ab69ff06014c868,a-d09716e4ba494c8b8f20393e76c54e33,0.26395500992657617,1.0,2.0,0.0,1.0,0.06408,52.0,0.0024233669973909855,33a54ba4ab15436dad0eaedac5425d79
target-2-qlognei,qlognei,2026100303,pilot,cpu1,j-73061da4a2c648dba9bdb92cd3c0fa3f,a-67a021c0b0cd4d088bba0345f0ad24cb,0.2638662389363162,1.0,2.0,0.0,1.0,0.074542,48.0,0.0024952729581855237,ddae247d9c0e4b59b351d3e3f6e9c305
target-2-qlognei,qlognei,2026100303,confirmation,cpu1,j-881b8448e0024c2ea74f6c36f1ee12d3,a-9352187489ac4deebe492d789323c4f0,0.2637389558949508,1.0,2.0,0.0,1.0,0.071017,55.0,0.0024463520385324955,7dbeb36391e34a4fb6fff48edf95741e
target-2-qlognei,qlognei,2026100303,confirmation,cpu1,j-8269ff86a0bd4fb99184642a48ddccc6,a-04b98ea67f144d9d968c733f76bc6a5d,0.2641301899566315,1.0,2.0,0.0,1.0,0.07154,51.0,0.002499914960935712,df5fdf1b4e9140af821c317adc41f8db
target-2-qlognei,qlognei,2026100303,confirmation,cpu1,j-f79c32afabaf404b815bccbae4b11955,a-476eb52324054370a68b6edaec5e411a,0.2644768518512137,1.0,3.0,0.0,1.0,0.066945,54.0,0.002503202937077731,d4ed3ca1bfb240f6b882a5aeb501985f
target-2-random,random,2026100303,pilot,cpu1,j-efd413c2f27a4aa8a0f7677c5ec67fbc,a-1aa0c5b086e445ce8083be834620b8b3,0.26347837096545845,1.0,3.0,0.0,1.0,0.065941,50.0,0.0025350400246679783,f071cdad12e547cd8d527f278a7f35d1
target-2-random,random,2026100303,pilot,cpu1,j-3e24e0e1231844c3a9ad107545cdf8a3,a-40c6c1436481494181492ca6946c667d,0.2639325159252621,1.0,3.0,0.0,1.0,0.074788,50.0,0.002618533151689917,58e3afce46ed41ec9146e47501425fa8
target-2-random,random,2026100303,pilot,cpu2,j-a3456c322a444fc8813bb967c1f9adf5,a-cb57b33c0cfc44e9b1959151659cbe5e,0.26129502203548327,1.0,2.0,0.0,1.0,0.073066,53.0,0.002609801071230322,6546dbd7f20549489e078b528245615e
target-2-random,random,2026100303,pilot,cpu1,j-72f951fb769249c791b5f58b8a46f5ca,a-bf4192429a954772b34e8a6a4ca361c2,0.26401955203618854,1.0,2.0,0.0,1.0,0.05102,53.0,0.002450685016810894,d7997707a8dc46f1bd84085ffc68e15a
target-2-random,random,2026100303,pilot,cpu2,j-e5864016f5034d26a4aea09c02509fd3,a-5a90e74743c6450395f85ee305042748,0.2612343569053337,1.0,2.0,0.0,1.0,0.191763,53.0,0.0025739631382748485,0dfce7eb9a6b404593795968992f8754
target-2-random,random,2026100303,pilot,cpu1,j-c72209f9650842fb93d960eb2fba8f13,a-b9badcd687ce4feb8e895591034897da,0.263497736887075,1.0,3.0,0.0,1.0,0.064867,37.0,0.002399912744294852,fc5563852ff04005837b25c4e7176007
target-2-random,random,2026100303,pilot,cpu0-5,j-07d215ea06904c428ff8c6f9e6447ee4,a-fdf864ce472a4ab98a6dd36de57cb5fe,0.40775997191667557,1.0,5.0,0.0,1.0,0.055051,51.0,0.0029310748213902116,0523acebfbd54b5f96486fe9043383d7
target-2-random,random,2026100303,pilot,cpu0-5,j-c2a2e191a14f4a59836da1ed58c89798,a-ff37f79d9d574980b24856aa92d4f6c9,0.39938099804567173,1.0,4.0,0.0,0.0,0.072756,46.0,0.0027269230340607464,0e81a28d37ae4b37ab43542adc64358b
target-2-random,random,2026100303,confirmation,cpu1,j-38d4d29f6bc64925ac1044d036f50135,a-142a36dd7adc429999708492facfa585,0.26398653688374907,1.0,2.0,1.0,0.0,0.065392,37.0,0.002481000905390829,8f632ca470c941a58fa4c4cbac9a2f46
target-2-random,random,2026100303,confirmation,cpu1,j-d7ffbbaae8e04a57b827497d472c4d01,a-e27f29de6d364c7181801ca92a77215c,0.2632976080640219,1.0,2.0,0.0,1.0,0.072683,54.0,0.0024187410599552095,69ab5d60e28940baae401a434c210f20
target-2-random,random,2026100303,confirmation,cpu2,j-5e6837c1cd174531aacfe9fc30d91a2c,a-b08a0fc52a1248c285f2bcd490580ed3,0.26018173404736444,1.0,3.0,0.0,1.0,0.071889,46.0,0.0025103691732510924,692a8189049d4839b61db66721ec0d9d
target-2-random,random,2026100303,confirmation,cpu2,j-ad370f6c11cd4e7181f82714a282e68e,a-89996228250242cf9939d6215e0d53d8,0.2605851608677767,1.0,3.0,0.0,1.0,0.061411,38.0,0.002653538016602397,37356acf419f403ea5ca5fa60fa1884d
target-2-random,random,2026100303,confirmation,cpu2,j-4ef11c160676486da69d616528f0801d,a-6ee96868dcb24f90b3f3280a284aeda1,0.26120567397447303,1.0,3.0,0.0,1.0,0.145027,50.0,0.0024188572424463928,7cfdd2350de14dbcb905c715003cdb7a
target-2-random,random,2026100303,confirmation,cpu1,j-d7d06ee9f36449ab911517b454d5400c,a-0f9387fd3fec4ebaabe158f7638ab090,0.2636342030018568,1.0,2.0,1.0,0.0,0.084559,37.0,0.002444914076477289,b7d5604deceb4d0e998f62de17cd09bf
target-2-lookup,lookup,2026100303,confirmation,cpu1,j-030a0ac292dc4460b3716f43bcceccf0,a-8794b2b6e84c4dc19059b6ac917dec6c,0.2637948279734701,1.0,2.0,0.0,1.0,0.089114,37.0,0.002438355004414916,5f13f766ff6847f89f421d7572d7a145
target-2-lookup,lookup,2026100303,confirmation,cpu1,j-58228560157c45f58277fc981f520354,a-8b4dfb8b7e444038bf710ad69d2ecc4f,0.2634686650126241,1.0,3.0,0.0,1.0,0.067768,37.0,0.0025093951844610274,e61084e82bd44eedb3a9bbb4c7b60c7e
target-2-lookup,lookup,2026100303,confirmation,cpu2,j-b2e73ced4b504389a541f7a9f9aa9786,a-6ed12ad5bc2141309405f8c1ca5efbc0,0.2609753549913876,1.0,3.0,0.0,1.0,0.100417,38.0,0.002523510076571256,6c6cfef4eb7e4a67a747b9fafbfe47f6
target-2-lookup,lookup,2026100303,confirmation,cpu2,j-7e046c35413b4c76bea25919ba9f0b0b,a-57911a86b06f4e09aa08a696ac7f1031,0.26097657007630914,1.0,3.0,0.0,1.0,0.075221,45.0,0.002416339935734868,bcb9e45c74ba4fa0a676fe69c899e315
target-2-lookup,lookup,2026100303,confirmation,cpu2,j-3513d37b92f94eddacf0469b4fce4d17,a-b008ec19020c441194d0cd236d4c0532,0.26092631404753774,1.0,3.0,0.0,1.0,0.072505,49.0,0.0024023609003052115,61da7150834049cda50cac6f0b72dc15
target-2-lookup,lookup,2026100303,confirmation,cpu1,j-f3d58c53f84848b1aa532e0a7277ec96,a-4f86d80a7a864b73a800a970d71a850a,0.2642168740276247,1.0,3.0,0.0,1.0,0.071714,37.0,0.002584882953669876,23c89efb3cec4b329cbd9a66980532af
oracle,grid_characterization,2026100401,pilot,cpu1,j-85e739b1632f4bf9b1fc281722ba01be,a-8baf51619ebb47b6a03baf50d91338c8,0.2642944701365195,1.0,2.0,1.0,0.0,0.099154,37.0,0.00270992296282202,c5ddf789af914cbe8750508b6fe2af5f
oracle,grid_characterization,2026100401,pilot,cpu2,j-3e382342eba34472ad6850cf833a6aa1,a-115895e5bb0849ba8a9f3d122a83921f,0.26076655101496726,1.0,2.0,0.0,1.0,0.076433,52.0,0.0024460008135065436,8f8f1ef2b522494ebd552a17820c0cd1
oracle,grid_characterization,2026100401,pilot,cpu0-5,j-8cbc95201bc64a56b6f543d9fc76a2e4,a-cd9a0f9062cd4353ad69cdf1af097314,0.4647217509918846,1.0,4.0,0.0,1.0,0.073021,50.0,0.0028446181095205247,a6fd57e679c0456898b241a96b0f9086
oracle,grid_characterization,2026100401,pilot,cpu1,j-1e16ea916a6b4ceaa9b6fd59cc4486be,a-a30e77ad96d94438b61270549c671276,0.26409226388204843,1.0,3.0,0.0,1.0,0.126639,51.0,0.002493747102562338,1df3482c2ab2430786521835b6035872
oracle,grid_characterization,2026100401,pilot,cpu0-5,j-27c8a56b2ae44e58a25ae5d518c9116c,a-4efb273ede09489a9ec3c9bcd2e4a7c5,0.405339076067321,1.0,4.0,0.0,1.0,0.059856,38.0,0.002890011004637927,2d1b6a3f21f9428a8fddf31a8e5513ea
oracle,grid_characterization,2026100401,pilot,cpu2,j-8c18a84ad1654d6fbb922a167a779230,a-6a1fdd73400e408788c417b788f43958,0.2610861419234425,1.0,3.0,0.0,1.0,0.062289,37.0,0.0033527339692227542,72bfe8368fb64feba589cbac7a8c2be4
oracle,grid_characterization,2026100401,confirmation,cpu0-5,j-11e22e3358094ceba83fdcf254e0c1b8,a-ad1210cbbe974469aeb482d5de2729b7,0.4154564419295639,1.0,4.0,0.0,1.0,0.062882,50.0,0.0027133620460517704,55ddd5e7c4884115bae3590f48170447
oracle,grid_characterization,2026100401,confirmation,cpu1,j-9f4e19670c7a432f92bab9ef321661aa,a-b3e0f03f53c944739ec4da8e7e8588be,0.26339330786140636,1.0,2.0,1.0,0.0,0.159096,37.0,0.002608640003018081,f9d887d8edb24497b17e3bba97218177
oracle,grid_characterization,2026100401,confirmation,cpu2,j-8f0c9f9604014f5986e446dfcea1f05e,a-42a329475f63445a95d803e4c0c43379,0.26146765606245026,1.0,2.0,1.0,0.0,0.06746,38.0,0.002603687928058207,743b2b81bf9447039fb57d92f572582f
oracle,grid_characterization,2026100401,confirmation,cpu0-5,j-f38e4ecef3334ef9a30715db6508ffb2,a-cabe719b91c94408b36495437cf6ca88,0.4031896819942631,1.0,4.0,0.0,0.0,0.079839,49.0,0.0027283411473035812,f0628e377b7241ccad62701e340f8795
oracle,grid_characterization,2026100401,confirmation,cpu2,j-c36c9cd2d9ed4482aaa70d52396f610f,a-618f97a31f5b4ac8895c90af374bb1ae,0.2618870899314061,1.0,2.0,0.0,1.0,0.067213,55.0,0.0026081689866259694,d526ddb69da04e5aa1731b7f3253f268
oracle,grid_characterization,2026100401,confirmation,cpu0-5,j-92d740c45a974cff9b702fd49973e0ca,a-8a8619d9ac6244419e2e679c359e42fe,0.4155042209313251,1.0,4.0,0.0,1.0,0.068295,38.0,0.002826521114911884,e4d4ab29b45144deacb6944055fe5899
oracle,grid_characterization,2026100401,confirmation,cpu2,j-b76ae6c9f4ab4536a87cf31296b20f41,a-b5bb07dccfb54c509c54b3dd3e894d9d,0.26064925908576697,1.0,2.0,0.0,1.0,0.074785,53.0,0.00252427690429613,e0689a4e074b4bc99928e0a3d34aff00
oracle,grid_characterization,2026100401,confirmation,cpu1,j-29a0b16bbc9c4be5804119920f6ecf4d,a-15d4c429201f4220ba146c44cc606a6d,0.26393413002369925,1.0,3.0,0.0,1.0,0.079977,37.0,0.0025869198725558817,0860f1da04d94ee1ba80becf412fe4d5
oracle,grid_characterization,2026100401,confirmation,cpu1,j-6dbf0634d7e24f2b8fb1f4cc3530ed15,a-d1c142b1fd4c4777b84552e96086597c,0.2642745771445334,1.0,3.0,0.0,1.0,0.126838,37.0,0.0025293019716627896,140521684a68407f99c42f01f12274b7
