job_id,attempt_id,mode,candidate_ref,workload_ref,fidelity,block,elapsed_seconds,quality_value,work_units,allocated_device_seconds,queue_seconds,mlflow_run_id,maximum_observed_temperature_c,sensor_query_seconds,maximum_unobserved_gap_seconds
j-8361a44a97df43518f1f3ed978031d39,a-fba610c52e9c4177ba99fc26456f779c,pilot,cpu2,thermal-sampled-161844-full,1.0,0,0.00020071107428520918,1.0,8,2.0,0.0,e4e259e93689422fbb1414ecae38d4dc,32.0,0.0022155840415507555,0.0005015759961679578
j-db43002b6b86482fad6919b9cd567aeb,a-8f8cd68f4f7a4484b446c5fdfdd15b9b,pilot,cpu1,thermal-sampled-161844-short,0.5,0,0.00011476303916424513,1.0,4,2.0,0.0,0fe83abc05f440458301ca46c8384517,32.0,0.002052356896456331,0.00044419802725315094
j-d9363ab2f1d744c1bb45da4735bb5a1f,a-2732ab4603b04ba58380f42c46a07119,pilot,cpu2,thermal-sampled-161844-short,0.5,0,0.00012107094516977668,1.0,4,2.0,0.0,d60ceb297c964f429cb7cea7e24aaf20,32.0,0.0022762329899705946,0.000495389977004379
j-b682313e512d4b049862419dfefab3a9,a-ae9cbfb58260480b890b8520f9c1454d,pilot,cpu1,thermal-sampled-161844-full,1.0,0,0.0002066359738819301,1.0,8,2.0,0.0,0883023440604952aa74a23376bfd7ab,33.0,0.0024240040220320225,0.00047033699229359627
j-e3fff7ee340a41acb5f4b903c93f6fae,a-287d60cca44d47e4b35da0a9ac2c06a2,pilot,cpu1,thermal-sampled-161844-short,0.5,1,0.00011482404079288244,1.0,4,2.0,0.0,7bf01db35a6541cf835c84d20d77f35a,33.0,0.0024107720819301903,0.0004743189783766866
j-d38798fd0c054267805737c08506250b,a-705a2b02b5e94fdd87b1544224771b6e,pilot,cpu2,thermal-sampled-161844-full,1.0,1,0.00020851485896855593,1.0,8,2.0,0.0,0de54bb81fdc4f2d86f5b57bdc826939,33.0,0.002308509952854365,0.0005251290276646614
j-ccf90ee6dee5487ea7fdca01ffa7ef75,a-b13c1344294547d88694dee2b4dde5b3,pilot,cpu1,thermal-sampled-161844-full,1.0,1,0.00020609702914953232,1.0,8,2.0,0.0,b856bd873e23458aa01c5df909bc07cf,33.0,0.002434190013445914,0.00046754098730161786
j-c5fe3c52db9a420c91e25c59d62908f0,a-9dcb0745770043e1954d242243596484,pilot,cpu2,thermal-sampled-161844-short,0.5,1,0.00011554802767932415,1.0,4,2.0,1.0,521a98b663ff4b7aa460a7064313fede,33.0,0.0022527739638462663,0.0004444799851626158
j-8b60504e0ea74a80a7f604e1fe24f915,a-b2d396e5e5c540fea611bdd756ee9dd3,pilot,cpu2,thermal-sampled-161844-full,1.0,2,0.0002081698621623218,1.0,8,2.0,0.0,18d275a2ede8487f944bc36e0896c1f3,33.0,0.002223392017185688,0.0005208649672567844
j-0be49239fb16413e8834bff7ff69c3bf,a-1ad69c1e1a5848f4a6e14e02db261352,pilot,cpu1,thermal-sampled-161844-full,1.0,2,0.00021686096442863345,1.0,8,2.0,0.0,26084c1e5ff74a439daf84fa39b84b91,33.0,0.0021924629691056907,0.00044703198364004493
j-ff3dc0b80bb54be695be490b6f8a042e,a-747e8ad14356482e975b21beeee46dbc,pilot,cpu1,thermal-sampled-161844-short,0.5,2,0.00011890596942976117,1.0,4,2.0,0.0,e76ef1685ebf4c54ae5f53729fcd115a,33.0,0.0021573229460045695,0.00044145697029307485
j-103e185f7521420e8ca342fd214fa7e1,a-7f22b666d5454243904a277e3a5a056a,pilot,cpu2,thermal-sampled-161844-short,0.5,2,0.0001139050000347197,1.0,4,2.0,0.0,aca2f179cad340f7bd43024fafa4efa8,33.0,0.0021316849743016064,0.0004741029697470367
j-d0e3e34fbf0f4678a1dbaf1279f231bc,a-ccf01bc242374aeaac90b9e5b6bde45d,confirmation,cpu1,thermal-sampled-161844-full,1.0,,0.00021168292732909322,1.0,8,2.0,0.0,545a974c94f14dde9d584c58e88fbab3,33.0,0.0022895688307471573,0.0004489730345085263
j-5d59f3b94f1e453daa83d0ce442f3306,a-da90566dc8a5429d98eaa20bb25fd57d,confirmation,cpu2,thermal-sampled-161844-full,1.0,,0.00020895100897178054,1.0,8,2.0,0.0,16dcfdddb3fe478ead72869843644e63,33.0,0.0023279620218090713,0.00044332898687571287
j-b57511ef64f34ffe9110d006985d8529,a-48f423f0e3d1439888624e5ce772d0cf,confirmation,cpu2,thermal-sampled-161844-full,1.0,,0.00020430708536878228,1.0,8,3.0,0.0,64585981dc7048598be7d09152a6a936,33.0,0.0024019579868763685,0.00046831200597807765
j-ca6b4259ca314b9ab3a765d3fb066337,a-5716f2b105bc4ae3abbcf25587bf58ae,confirmation,cpu2,thermal-sampled-161844-full,1.0,,0.0002081620623357594,1.0,8,3.0,0.0,b98c70a0d64d4202ada2404d8f91147b,33.0,0.002300152089446783,0.000488511985167861
j-90cdec1988504bcdb080f027c1ffed7b,a-af502ccb82e749b59673e20e70196183,confirmation,cpu1,thermal-sampled-161844-full,1.0,,0.00020846788538619876,1.0,8,3.0,0.0,96bfb244640c4017b0911932901c2e01,33.0,0.0023519090027548373,0.0004678809782490134
j-c132a663d82542cf98eb3819998857a3,a-1734ce878b9147e09b58d4f343c15878,confirmation,cpu1,thermal-sampled-161844-full,1.0,,0.0002009009476751089,1.0,8,3.0,0.0,3ec748747cac4e11a0e5fcd8bc2336fd,33.0,0.002314926008693874,0.00048178801080211997
