load,arm,block,jobs,mean_jct_seconds,p95_jct_seconds,native_wall_seconds,client_wall_seconds,native_throughput_jobs_per_second,reservation_seconds,queue_fallback_jobs
burst,profile_only,2,6,9.5,20.0,20.0,22.996803522109985,0.3,12.0,0
burst,round_robin,2,6,6.833333333333333,11.0,11.0,17.640804290771484,0.5454545454545454,35.0,0
burst,profile_queue,2,6,6.333333333333333,10.0,10.0,13.717886447906494,0.6,18.0,0
sparse,profile_only,1,6,4.333333333333333,7.0,16.0,26.02344036102295,0.375,12.0,0
sparse,round_robin,1,6,6.333333333333333,11.0,21.0,26.543465614318848,0.2857142857142857,31.0,0
sparse,profile_queue,1,6,6.666666666666667,15.0,27.0,33.46766233444214,0.2222222222222222,27.0,1
sparse,profile_queue,0,6,6.666666666666667,9.0,21.0,27.665943384170532,0.2857142857142857,32.0,2
sparse,profile_only,0,6,3.5,6.0,17.0,27.59410524368286,0.35294117647058826,12.0,0
sparse,round_robin,0,6,7.166666666666667,14.0,22.0,28.560472011566162,0.2727272727272727,37.0,0
moderate,round_robin,2,6,6.666666666666667,11.0,12.0,19.81389546394348,0.5,33.0,0
moderate,profile_queue,2,6,6.333333333333333,11.0,12.0,16.869669437408447,0.5,18.0,0
moderate,profile_only,2,6,7.0,14.0,15.0,20.34853768348694,0.4,12.0,0
moderate,profile_queue,0,6,8.0,14.0,16.0,24.369556665420532,0.375,20.0,0
moderate,profile_only,0,6,8.333333333333334,17.0,19.0,22.66283369064331,0.3157894736842105,13.0,0
moderate,round_robin,0,6,6.333333333333333,11.0,11.0,17.481968641281128,0.5454545454545454,32.0,0
moderate,profile_only,1,6,8.0,17.0,18.0,22.474555492401123,0.3333333333333333,13.0,0
moderate,round_robin,1,6,6.333333333333333,10.0,11.0,16.063790559768677,0.5454545454545454,33.0,0
moderate,profile_queue,1,6,6.833333333333333,14.0,14.0,19.922526359558105,0.42857142857142855,25.0,2
sparse,round_robin,2,6,6.666666666666667,11.0,24.0,27.977758169174194,0.25,32.0,0
sparse,profile_queue,2,6,6.0,9.0,21.0,26.666391611099243,0.2857142857142857,27.0,1
sparse,profile_only,2,6,3.8333333333333335,6.0,18.0,22.557328939437866,0.3333333333333333,14.0,0
burst,profile_queue,1,6,5.833333333333333,9.0,12.0,17.788034439086914,0.5,18.0,0
burst,profile_only,1,6,6.333333333333333,12.0,14.0,19.116603136062622,0.42857142857142855,12.0,0
burst,round_robin,1,6,6.333333333333333,10.0,11.0,16.462892293930054,0.5454545454545454,32.0,0
burst,round_robin,0,6,6.166666666666667,10.0,12.0,18.285212755203247,0.5,31.0,0
burst,profile_queue,0,6,6.333333333333333,10.0,13.0,20.35798406600952,0.46153846153846156,18.0,0
burst,profile_only,0,6,6.666666666666667,14.0,16.0,20.615350008010864,0.375,12.0,0
