attempt_id,load,arm,block,candidate,backend,native_id,outcome,jct_seconds,wait_seconds,reservation_seconds,reservation_group,inference_seconds,quality,images,accepted_at,started_at,finished_at,compute_finished_at,actual_arrival_offset,native_acceptance_lateness_seconds,queue_fallback,job_file,choice_file
jct-profile-queue-20261008-v1-short-b2-po-0,burst,profile_only,2,rtx5080,kubernetes,jct-profile-queue-20261008-v1-short-b2-po-0,SUCCEEDED,3.0,1.0,2.0,kubernetes_exclusive,0.618451289483346,1.0,4194304,1791456579.0,1791456580.0,1791456582.0,1791456582.2538748,0.8686699867248535,0.8686699867248535,False,jobs/jct-profile-queue-20261008-v1-short-b2-po-0.json,choices/jct-profile-queue-20261008-v1-short-b2-po-0.json
jct-profile-queue-20261008-v1-short-b2-po-1,burst,profile_only,2,rtx5060,kubernetes,jct-profile-queue-20261008-v1-short-b2-po-1,SUCCEEDED,3.0,1.0,2.0,kubernetes_exclusive,1.04739214212168,1.0,4194304,1791456579.0,1791456580.0,1791456582.0,1791456582.416474,0.8686699867248535,0.8686699867248535,False,jobs/jct-profile-queue-20261008-v1-short-b2-po-1.json,choices/jct-profile-queue-20261008-v1-short-b2-po-1.json
jct-profile-queue-20261008-v1-short-b2-po-2,burst,profile_only,2,spark,kubernetes,jct-profile-queue-20261008-v1-short-b2-po-2,SUCCEEDED,3.0,1.0,2.0,kubernetes_exclusive,0.9335074921546038,1.0,4194304,1791456579.0,1791456580.0,1791456582.0,1791456582.4373245,0.8686699867248535,0.8686699867248535,False,jobs/jct-profile-queue-20261008-v1-short-b2-po-2.json,choices/jct-profile-queue-20261008-v1-short-b2-po-2.json
jct-profile-queue-20261008-v1-short-b2-po-3,burst,profile_only,2,rtx5080,kubernetes,jct-profile-queue-20261008-v1-short-b2-po-3,SUCCEEDED,13.0,11.0,2.0,kubernetes_exclusive,0.6181108108721673,1.0,4194304,1791456579.0,1791456590.0,1791456592.0,1791456591.9807446,0.8686699867248535,0.8686699867248535,False,jobs/jct-profile-queue-20261008-v1-short-b2-po-3.json,choices/jct-profile-queue-20261008-v1-short-b2-po-3.json
jct-profile-queue-20261008-v1-short-b2-po-4,burst,profile_only,2,rtx5080,kubernetes,jct-profile-queue-20261008-v1-short-b2-po-4,SUCCEEDED,20.0,18.0,2.0,kubernetes_exclusive,0.6214708039769903,1.0,4194304,1791456579.0,1791456597.0,1791456599.0,1791456599.416702,0.8686699867248535,0.8686699867248535,False,jobs/jct-profile-queue-20261008-v1-short-b2-po-4.json,choices/jct-profile-queue-20261008-v1-short-b2-po-4.json
jct-profile-queue-20261008-v1-short-b2-po-5,burst,profile_only,2,rtx5060,kubernetes,jct-profile-queue-20261008-v1-short-b2-po-5,SUCCEEDED,15.0,13.0,2.0,kubernetes_exclusive,1.043375741573982,1.0,4194304,1791456579.0,1791456592.0,1791456594.0,1791456594.7374973,0.8686699867248535,0.8686699867248535,False,jobs/jct-profile-queue-20261008-v1-short-b2-po-5.json,choices/jct-profile-queue-20261008-v1-short-b2-po-5.json
jct-profile-queue-20261008-v1-short-b2-rr-0,burst,round_robin,2,rtx5060,kubernetes,jct-profile-queue-20261008-v1-short-b2-rr-0,SUCCEEDED,4.0,1.0,3.0,kubernetes_exclusive,1.0448996210470796,1.0,4194304,1791456608.0,1791456609.0,1791456612.0,1791456611.8699899,2.963350296020508,2.963350296020508,False,jobs/jct-profile-queue-20261008-v1-short-b2-rr-0.json,choices/jct-profile-queue-20261008-v1-short-b2-rr-0.json
jct-profile-queue-20261008-v1-short-b2-rr-1,burst,round_robin,2,spark,kubernetes,jct-profile-queue-20261008-v1-short-b2-rr-1,SUCCEEDED,4.0,1.0,3.0,kubernetes_exclusive,0.9366040058521321,1.0,4194304,1791456608.0,1791456609.0,1791456612.0,1791456612.0285032,2.963350296020508,2.963350296020508,False,jobs/jct-profile-queue-20261008-v1-short-b2-rr-1.json,choices/jct-profile-queue-20261008-v1-short-b2-rr-1.json
jct-profile-queue-20261008-v1-short-b2-rr-2,burst,round_robin,2,jetson-nano,kubernetes,jct-profile-queue-20261008-v1-short-b2-rr-2,SUCCEEDED,11.0,1.0,10.0,kubernetes_shared_slot,7.317522387034842,1.0,4194304,1791456608.0,1791456609.0,1791456619.0,1791456619.0918121,2.963350296020508,2.963350296020508,False,jobs/jct-profile-queue-20261008-v1-short-b2-rr-2.json,choices/jct-profile-queue-20261008-v1-short-b2-rr-2.json
jct-profile-queue-20261008-v1-short-b2-rr-3,burst,round_robin,2,jetson-agx,kubernetes,jct-profile-queue-20261008-v1-short-b2-rr-3,SUCCEEDED,9.0,1.0,8.0,kubernetes_shared_slot,5.143142079934478,1.0,4194304,1791456608.0,1791456609.0,1791456617.0,1791456617.682071,2.963350296020508,2.963350296020508,False,jobs/jct-profile-queue-20261008-v1-short-b2-rr-3.json,choices/jct-profile-queue-20261008-v1-short-b2-rr-3.json
jct-profile-queue-20261008-v1-short-b2-rr-4,burst,round_robin,2,rtx5080,kubernetes,jct-profile-queue-20261008-v1-short-b2-rr-4,SUCCEEDED,3.0,1.0,2.0,kubernetes_exclusive,0.6220511926803738,1.0,4194304,1791456608.0,1791456609.0,1791456611.0,1791456611.5892491,2.963350296020508,2.963350296020508,False,jobs/jct-profile-queue-20261008-v1-short-b2-rr-4.json,choices/jct-profile-queue-20261008-v1-short-b2-rr-4.json
jct-profile-queue-20261008-v1-short-b2-rr-5,burst,round_robin,2,slurm-orin,slurm,89,SUCCEEDED,10.0,1.0,9.0,slurm_gres,7.269214340834878,1.0,4194304,1791456609.0,1791456610.0,1791456619.0,1791456617.782668,3.963350296020508,3.963350296020508,False,jobs/jct-profile-queue-20261008-v1-short-b2-rr-5.json,choices/jct-profile-queue-20261008-v1-short-b2-rr-5.json
jct-profile-queue-20261008-v1-short-b2-pq-0,burst,profile_queue,2,spark,kubernetes,jct-profile-queue-20261008-v1-short-b2-pq-0,SUCCEEDED,3.0,1.0,2.0,kubernetes_exclusive,0.9319136255071498,1.0,4194304,1791456625.0,1791456626.0,1791456628.0,1791456628.6817162,0.5049483776092529,0.5049483776092529,False,jobs/jct-profile-queue-20261008-v1-short-b2-pq-0.json,choices/jct-profile-queue-20261008-v1-short-b2-pq-0.json
jct-profile-queue-20261008-v1-short-b2-pq-1,burst,profile_queue,2,rtx5060,kubernetes,jct-profile-queue-20261008-v1-short-b2-pq-1,SUCCEEDED,4.0,1.0,3.0,kubernetes_exclusive,1.0499698815401644,1.0,4194304,1791456625.0,1791456626.0,1791456629.0,1791456628.9029512,0.5049483776092529,0.5049483776092529,False,jobs/jct-profile-queue-20261008-v1-short-b2-pq-1.json,choices/jct-profile-queue-20261008-v1-short-b2-pq-1.json
jct-profile-queue-20261008-v1-short-b2-pq-2,burst,profile_queue,2,rtx5080,kubernetes,jct-profile-queue-20261008-v1-short-b2-pq-2,SUCCEEDED,3.0,1.0,2.0,kubernetes_exclusive,0.6200810697628185,1.0,4194304,1791456625.0,1791456626.0,1791456628.0,1791456628.390077,0.5049483776092529,0.5049483776092529,False,jobs/jct-profile-queue-20261008-v1-short-b2-pq-2.json,choices/jct-profile-queue-20261008-v1-short-b2-pq-2.json
jct-profile-queue-20261008-v1-short-b2-pq-3,burst,profile_queue,2,slurm-orin,slurm,90,SUCCEEDED,8.0,1.0,7.0,slurm_gres,7.3401584344683215,1.0,4194304,1791456626.0,1791456627.0,1791456634.0,1791456634.818063,1.504948377609253,1.504948377609253,False,jobs/jct-profile-queue-20261008-v1-short-b2-pq-3.json,choices/jct-profile-queue-20261008-v1-short-b2-pq-3.json
jct-profile-queue-20261008-v1-short-b2-pq-4,burst,profile_queue,2,spark,kubernetes,jct-profile-queue-20261008-v1-short-b2-pq-4,SUCCEEDED,10.0,8.0,2.0,kubernetes_exclusive,0.9320413657842437,1.0,4194304,1791456625.0,1791456633.0,1791456635.0,1791456635.758687,0.5049483776092529,0.5049483776092529,False,jobs/jct-profile-queue-20261008-v1-short-b2-pq-4.json,choices/jct-profile-queue-20261008-v1-short-b2-pq-4.json
jct-profile-queue-20261008-v1-short-b2-pq-5,burst,profile_queue,2,rtx5060,kubernetes,jct-profile-queue-20261008-v1-short-b2-pq-5,SUCCEEDED,10.0,8.0,2.0,kubernetes_exclusive,1.0530681892996654,1.0,4194304,1791456625.0,1791456633.0,1791456635.0,1791456635.8448412,0.5049483776092529,0.5049483776092529,False,jobs/jct-profile-queue-20261008-v1-short-b2-pq-5.json,choices/jct-profile-queue-20261008-v1-short-b2-pq-5.json
jct-profile-queue-20261008-v1-short-s1-po-0,sparse,profile_only,1,rtx5080,kubernetes,jct-profile-queue-20261008-v1-short-s1-po-0,SUCCEEDED,3.0,1.0,2.0,kubernetes_exclusive,0.617913180263713,1.0,4194304,1791456645.0,1791456646.0,1791456648.0,1791456648.1410277,2.8483726978302,2.8483726978302,False,jobs/jct-profile-queue-20261008-v1-short-s1-po-0.json,choices/jct-profile-queue-20261008-v1-short-s1-po-0.json
jct-profile-queue-20261008-v1-short-s1-po-1,sparse,profile_only,1,rtx5060,kubernetes,jct-profile-queue-20261008-v1-short-s1-po-1,SUCCEEDED,4.0,2.0,2.0,kubernetes_exclusive,1.045707645243965,1.0,4194304,1791456645.0,1791456647.0,1791456649.0,1791456649.2058842,2.8483726978302,-0.1516273021697998,False,jobs/jct-profile-queue-20261008-v1-short-s1-po-1.json,choices/jct-profile-queue-20261008-v1-short-s1-po-1.json
jct-profile-queue-20261008-v1-short-s1-po-2,sparse,profile_only,1,spark,kubernetes,jct-profile-queue-20261008-v1-short-s1-po-2,SUCCEEDED,5.0,2.0,3.0,kubernetes_exclusive,0.928460370778339,1.0,4194304,1791456648.0,1791456650.0,1791456653.0,1791456652.8660953,5.8483726978302,-0.1516273021697998,False,jobs/jct-profile-queue-20261008-v1-short-s1-po-2.json,choices/jct-profile-queue-20261008-v1-short-s1-po-2.json
jct-profile-queue-20261008-v1-short-s1-po-3,sparse,profile_only,1,rtx5080,kubernetes,jct-profile-queue-20261008-v1-short-s1-po-3,SUCCEEDED,3.0,2.0,1.0,kubernetes_exclusive,0.6195357039105147,1.0,4194304,1791456651.0,1791456653.0,1791456654.0,1791456654.68165,8.8483726978302,-0.1516273021697998,False,jobs/jct-profile-queue-20261008-v1-short-s1-po-3.json,choices/jct-profile-queue-20261008-v1-short-s1-po-3.json
jct-profile-queue-20261008-v1-short-s1-po-4,sparse,profile_only,1,rtx5080,kubernetes,jct-profile-queue-20261008-v1-short-s1-po-4,SUCCEEDED,7.0,5.0,2.0,kubernetes_exclusive,0.6203173553803936,1.0,4194304,1791456654.0,1791456659.0,1791456661.0,1791456661.1656048,11.8483726978302,-0.1516273021697998,False,jobs/jct-profile-queue-20261008-v1-short-s1-po-4.json,choices/jct-profile-queue-20261008-v1-short-s1-po-4.json
jct-profile-queue-20261008-v1-short-s1-po-5,sparse,profile_only,1,rtx5060,kubernetes,jct-profile-queue-20261008-v1-short-s1-po-5,SUCCEEDED,4.0,2.0,2.0,kubernetes_exclusive,1.041421888046898,1.0,4194304,1791456657.0,1791456659.0,1791456661.0,1791456661.305503,14.8483726978302,-0.1516273021697998,False,jobs/jct-profile-queue-20261008-v1-short-s1-po-5.json,choices/jct-profile-queue-20261008-v1-short-s1-po-5.json
jct-profile-queue-20261008-v1-short-s1-rr-0,sparse,round_robin,1,rtx5060,kubernetes,jct-profile-queue-20261008-v1-short-s1-rr-0,SUCCEEDED,3.0,1.0,2.0,kubernetes_exclusive,1.0461247629718855,1.0,4194304,1791456671.0,1791456672.0,1791456674.0,1791456674.8580754,2.049229621887207,2.049229621887207,False,jobs/jct-profile-queue-20261008-v1-short-s1-rr-0.json,choices/jct-profile-queue-20261008-v1-short-s1-rr-0.json
jct-profile-queue-20261008-v1-short-s1-rr-1,sparse,round_robin,1,spark,kubernetes,jct-profile-queue-20261008-v1-short-s1-rr-1,SUCCEEDED,4.0,1.0,3.0,kubernetes_exclusive,0.9300919108500239,1.0,4194304,1791456672.0,1791456673.0,1791456676.0,1791456675.852136,3.049229621887207,0.04922962188720703,False,jobs/jct-profile-queue-20261008-v1-short-s1-rr-1.json,choices/jct-profile-queue-20261008-v1-short-s1-rr-1.json
jct-profile-queue-20261008-v1-short-s1-rr-2,sparse,round_robin,1,jetson-nano,kubernetes,jct-profile-queue-20261008-v1-short-s1-rr-2,SUCCEEDED,11.0,2.0,9.0,kubernetes_shared_slot,7.269762089606957,1.0,4194304,1791456675.0,1791456677.0,1791456686.0,1791456686.249243,6.049229621887207,0.04922962188720703,False,jobs/jct-profile-queue-20261008-v1-short-s1-rr-2.json,choices/jct-profile-queue-20261008-v1-short-s1-rr-2.json
jct-profile-queue-20261008-v1-short-s1-rr-3,sparse,round_robin,1,jetson-agx,kubernetes,jct-profile-queue-20261008-v1-short-s1-rr-3,SUCCEEDED,9.0,1.0,8.0,kubernetes_shared_slot,5.142179675938678,1.0,4194304,1791456678.0,1791456679.0,1791456687.0,1791456687.474501,9.049229621887207,0.04922962188720703,False,jobs/jct-profile-queue-20261008-v1-short-s1-rr-3.json,choices/jct-profile-queue-20261008-v1-short-s1-rr-3.json
jct-profile-queue-20261008-v1-short-s1-rr-4,sparse,round_robin,1,rtx5080,kubernetes,jct-profile-queue-20261008-v1-short-s1-rr-4,SUCCEEDED,3.0,1.0,2.0,kubernetes_exclusive,0.6195710961474106,1.0,4194304,1791456681.0,1791456682.0,1791456684.0,1791456684.3338172,12.049229621887207,0.04922962188720703,False,jobs/jct-profile-queue-20261008-v1-short-s1-rr-4.json,choices/jct-profile-queue-20261008-v1-short-s1-rr-4.json
jct-profile-queue-20261008-v1-short-s1-rr-5,sparse,round_robin,1,slurm-orin,slurm,91,SUCCEEDED,8.0,1.0,7.0,slurm_gres,7.273118855548091,1.0,4194304,1791456684.0,1791456685.0,1791456692.0,1791456692.7358167,15.049229621887207,0.04922962188720703,False,jobs/jct-profile-queue-20261008-v1-short-s1-rr-5.json,choices/jct-profile-queue-20261008-v1-short-s1-rr-5.json
jct-profile-queue-20261008-v1-short-s1-pq-0,sparse,profile_queue,1,rtx5060,kubernetes,jct-profile-queue-20261008-v1-short-s1-pq-0,SUCCEEDED,3.0,1.0,2.0,kubernetes_exclusive,1.0671506234211847,1.0,4194304,1791456700.0,1791456701.0,1791456703.0,1791456703.6961002,3.7634527683258057,3.7634527683258057,True,jobs/jct-profile-queue-20261008-v1-short-s1-pq-0.json,choices/jct-profile-queue-20261008-v1-short-s1-pq-0.json
jct-profile-queue-20261008-v1-short-s1-pq-1,sparse,profile_queue,1,spark,kubernetes,jct-profile-queue-20261008-v1-short-s1-pq-1,SUCCEEDED,7.0,1.0,6.0,kubernetes_exclusive,0.929779147147201,1.0,4194304,1791456703.0,1791456704.0,1791456710.0,1791456710.1531038,6.763452768325806,3.7634527683258057,False,jobs/jct-profile-queue-20261008-v1-short-s1-pq-1.json,choices/jct-profile-queue-20261008-v1-short-s1-pq-1.json
jct-profile-queue-20261008-v1-short-s1-pq-2,sparse,profile_queue,1,rtx5080,kubernetes,jct-profile-queue-20261008-v1-short-s1-pq-2,SUCCEEDED,3.0,2.0,1.0,kubernetes_exclusive,0.6194269799161702,1.0,4194304,1791456707.0,1791456709.0,1791456710.0,1791456710.8606224,10.763452768325806,4.763452768325806,False,jobs/jct-profile-queue-20261008-v1-short-s1-pq-2.json,choices/jct-profile-queue-20261008-v1-short-s1-pq-2.json
jct-profile-queue-20261008-v1-short-s1-pq-3,sparse,profile_queue,1,slurm-orin,slurm,92,SUCCEEDED,9.0,1.0,8.0,slurm_gres,7.325463422108442,1.0,4194304,1791456709.0,1791456710.0,1791456718.0,1791456717.9614866,12.763452768325806,3.7634527683258057,False,jobs/jct-profile-queue-20261008-v1-short-s1-pq-3.json,choices/jct-profile-queue-20261008-v1-short-s1-pq-3.json
jct-profile-queue-20261008-v1-short-s1-pq-4,sparse,profile_queue,1,slurm-orin,slurm,93,SUCCEEDED,15.0,7.0,8.0,slurm_gres,7.320249502314255,1.0,4194304,1791456712.0,1791456719.0,1791456727.0,1791456727.3044114,15.763452768325806,3.7634527683258057,False,jobs/jct-profile-queue-20261008-v1-short-s1-pq-4.json,choices/jct-profile-queue-20261008-v1-short-s1-pq-4.json
jct-profile-queue-20261008-v1-short-s1-pq-5,sparse,profile_queue,1,spark,kubernetes,jct-profile-queue-20261008-v1-short-s1-pq-5,SUCCEEDED,3.0,1.0,2.0,kubernetes_exclusive,0.9355158865364501,1.0,4194304,1791456715.0,1791456716.0,1791456718.0,1791456718.5348508,18.763452768325806,3.7634527683258057,False,jobs/jct-profile-queue-20261008-v1-short-s1-pq-5.json,choices/jct-profile-queue-20261008-v1-short-s1-pq-5.json
jct-profile-queue-20261008-v1-short-s0-pq-0,sparse,profile_queue,0,rtx5060,kubernetes,jct-profile-queue-20261008-v1-short-s0-pq-0,SUCCEEDED,4.0,1.0,3.0,kubernetes_exclusive,1.0497415721183643,1.0,4194304,1791456735.0,1791456736.0,1791456739.0,1791456739.2007804,4.614012956619263,4.614012956619263,True,jobs/jct-profile-queue-20261008-v1-short-s0-pq-0.json,choices/jct-profile-queue-20261008-v1-short-s0-pq-0.json
jct-profile-queue-20261008-v1-short-s0-pq-1,sparse,profile_queue,0,spark,kubernetes,jct-profile-queue-20261008-v1-short-s0-pq-1,SUCCEEDED,9.0,1.0,8.0,kubernetes_exclusive,0.9319060351990629,1.0,4194304,1791456738.0,1791456739.0,1791456747.0,1791456747.5530243,7.614012956619263,4.614012956619263,False,jobs/jct-profile-queue-20261008-v1-short-s0-pq-1.json,choices/jct-profile-queue-20261008-v1-short-s0-pq-1.json
jct-profile-queue-20261008-v1-short-s0-pq-2,sparse,profile_queue,0,rtx5080,kubernetes,jct-profile-queue-20261008-v1-short-s0-pq-2,SUCCEEDED,5.0,3.0,2.0,kubernetes_exclusive,0.6195667011197656,1.0,4194304,1791456743.0,1791456746.0,1791456748.0,1791456748.4430954,12.614012956619263,6.614012956619263,False,jobs/jct-profile-queue-20261008-v1-short-s0-pq-2.json,choices/jct-profile-queue-20261008-v1-short-s0-pq-2.json
jct-profile-queue-20261008-v1-short-s0-pq-3,sparse,profile_queue,0,jetson-agx,kubernetes,jct-profile-queue-20261008-v1-short-s0-pq-3,SUCCEEDED,9.0,1.0,8.0,kubernetes_shared_slot,4.980695460544666,1.0,4194304,1791456745.0,1791456746.0,1791456754.0,1791456754.6506522,14.614012956619263,5.614012956619263,True,jobs/jct-profile-queue-20261008-v1-short-s0-pq-3.json,choices/jct-profile-queue-20261008-v1-short-s0-pq-3.json
jct-profile-queue-20261008-v1-short-s0-pq-4,sparse,profile_queue,0,slurm-orin,slurm,94,SUCCEEDED,9.0,1.0,8.0,slurm_gres,7.328890382545069,1.0,4194304,1791456747.0,1791456748.0,1791456756.0,1791456755.88896,16.614012956619263,4.614012956619263,False,jobs/jct-profile-queue-20261008-v1-short-s0-pq-4.json,choices/jct-profile-queue-20261008-v1-short-s0-pq-4.json
jct-profile-queue-20261008-v1-short-s0-pq-5,sparse,profile_queue,0,rtx5060,kubernetes,jct-profile-queue-20261008-v1-short-s0-pq-5,SUCCEEDED,4.0,1.0,3.0,kubernetes_exclusive,1.0380338145187125,1.0,4194304,1791456750.0,1791456751.0,1791456754.0,1791456753.8887372,19.614012956619263,4.614012956619263,False,jobs/jct-profile-queue-20261008-v1-short-s0-pq-5.json,choices/jct-profile-queue-20261008-v1-short-s0-pq-5.json
jct-profile-queue-20261008-v1-short-s0-po-0,sparse,profile_only,0,rtx5080,kubernetes,jct-profile-queue-20261008-v1-short-s0-po-0,SUCCEEDED,3.0,1.0,2.0,kubernetes_exclusive,0.6203972018556669,1.0,4194304,1791456762.0,1791456763.0,1791456765.0,1791456765.066016,0.9671459197998047,0.9671459197998047,False,jobs/jct-profile-queue-20261008-v1-short-s0-po-0.json,choices/jct-profile-queue-20261008-v1-short-s0-po-0.json
jct-profile-queue-20261008-v1-short-s0-po-1,sparse,profile_only,0,rtx5060,kubernetes,jct-profile-queue-20261008-v1-short-s0-po-1,SUCCEEDED,3.0,1.0,2.0,kubernetes_exclusive,1.0459025340387598,1.0,4194304,1791456764.0,1791456765.0,1791456767.0,1791456767.7402468,2.9671459197998047,-0.03285408020019531,False,jobs/jct-profile-queue-20261008-v1-short-s0-po-1.json,choices/jct-profile-queue-20261008-v1-short-s0-po-1.json
jct-profile-queue-20261008-v1-short-s0-po-2,sparse,profile_only,0,spark,kubernetes,jct-profile-queue-20261008-v1-short-s0-po-2,SUCCEEDED,3.0,1.0,2.0,kubernetes_exclusive,0.9310525442997459,1.0,4194304,1791456767.0,1791456768.0,1791456770.0,1791456770.715899,5.967145919799805,-0.03285408020019531,False,jobs/jct-profile-queue-20261008-v1-short-s0-po-2.json,choices/jct-profile-queue-20261008-v1-short-s0-po-2.json
jct-profile-queue-20261008-v1-short-s0-po-3,sparse,profile_only,0,rtx5080,kubernetes,jct-profile-queue-20261008-v1-short-s0-po-3,SUCCEEDED,3.0,1.0,2.0,kubernetes_exclusive,0.6210220330394804,1.0,4194304,1791456770.0,1791456771.0,1791456773.0,1791456773.2161744,8.967145919799805,-0.03285408020019531,False,jobs/jct-profile-queue-20261008-v1-short-s0-po-3.json,choices/jct-profile-queue-20261008-v1-short-s0-po-3.json
jct-profile-queue-20261008-v1-short-s0-po-4,sparse,profile_only,0,rtx5080,kubernetes,jct-profile-queue-20261008-v1-short-s0-po-4,SUCCEEDED,6.0,4.0,2.0,kubernetes_exclusive,0.6208235702943057,1.0,4194304,1791456773.0,1791456777.0,1791456779.0,1791456779.4285002,11.967145919799805,-0.03285408020019531,False,jobs/jct-profile-queue-20261008-v1-short-s0-po-4.json,choices/jct-profile-queue-20261008-v1-short-s0-po-4.json
jct-profile-queue-20261008-v1-short-s0-po-5,sparse,profile_only,0,rtx5060,kubernetes,jct-profile-queue-20261008-v1-short-s0-po-5,SUCCEEDED,3.0,1.0,2.0,kubernetes_exclusive,1.0474851067410782,1.0,4194304,1791456776.0,1791456777.0,1791456779.0,1791456779.6991248,14.967145919799805,-0.03285408020019531,False,jobs/jct-profile-queue-20261008-v1-short-s0-po-5.json,choices/jct-profile-queue-20261008-v1-short-s0-po-5.json
jct-profile-queue-20261008-v1-short-s0-rr-0,sparse,round_robin,0,rtx5060,kubernetes,jct-profile-queue-20261008-v1-short-s0-rr-0,SUCCEEDED,4.0,1.0,3.0,kubernetes_exclusive,1.0425044213188812,1.0,4194304,1791456796.0,1791456797.0,1791456800.0,1791456800.044216,2.789846897125244,2.789846897125244,False,jobs/jct-profile-queue-20261008-v1-short-s0-rr-0.json,choices/jct-profile-queue-20261008-v1-short-s0-rr-0.json
jct-profile-queue-20261008-v1-short-s0-rr-1,sparse,round_robin,0,spark,kubernetes,jct-profile-queue-20261008-v1-short-s0-rr-1,SUCCEEDED,3.0,1.0,2.0,kubernetes_exclusive,0.9410497186763678,1.0,4194304,1791456797.0,1791456798.0,1791456800.0,1791456800.4047782,3.789846897125244,0.7898468971252441,False,jobs/jct-profile-queue-20261008-v1-short-s0-rr-1.json,choices/jct-profile-queue-20261008-v1-short-s0-rr-1.json
jct-profile-queue-20261008-v1-short-s0-rr-2,sparse,round_robin,0,jetson-nano,kubernetes,jct-profile-queue-20261008-v1-short-s0-rr-2,SUCCEEDED,14.0,2.0,12.0,kubernetes_shared_slot,7.288514206200489,1.0,4194304,1791456800.0,1791456802.0,1791456814.0,1791456814.1991498,6.789846897125244,0.7898468971252441,False,jobs/jct-profile-queue-20261008-v1-short-s0-rr-2.json,choices/jct-profile-queue-20261008-v1-short-s0-rr-2.json
jct-profile-queue-20261008-v1-short-s0-rr-3,sparse,round_robin,0,jetson-agx,kubernetes,jct-profile-queue-20261008-v1-short-s0-rr-3,SUCCEEDED,10.0,1.0,9.0,kubernetes_shared_slot,5.1558107387973,1.0,4194304,1791456805.0,1791456806.0,1791456815.0,1791456814.909353,11.789846897125244,2.789846897125244,False,jobs/jct-profile-queue-20261008-v1-short-s0-rr-3.json,choices/jct-profile-queue-20261008-v1-short-s0-rr-3.json
jct-profile-queue-20261008-v1-short-s0-rr-4,sparse,round_robin,0,rtx5080,kubernetes,jct-profile-queue-20261008-v1-short-s0-rr-4,SUCCEEDED,3.0,1.0,2.0,kubernetes_exclusive,0.6197270217817277,1.0,4194304,1791456806.0,1791456807.0,1791456809.0,1791456808.944252,12.789846897125244,0.7898468971252441,False,jobs/jct-profile-queue-20261008-v1-short-s0-rr-4.json,choices/jct-profile-queue-20261008-v1-short-s0-rr-4.json
jct-profile-queue-20261008-v1-short-s0-rr-5,sparse,round_robin,0,slurm-orin,slurm,95,SUCCEEDED,9.0,0.0,9.0,slurm_gres,7.337453527958132,1.0,4194304,1791456809.0,1791456809.0,1791456818.0,1791456818.228189,15.789846897125244,0.7898468971252441,False,jobs/jct-profile-queue-20261008-v1-short-s0-rr-5.json,choices/jct-profile-queue-20261008-v1-short-s0-rr-5.json
jct-profile-queue-20261008-v1-short-m2-rr-0,moderate,round_robin,2,rtx5060,kubernetes,jct-profile-queue-20261008-v1-short-m2-rr-0,SUCCEEDED,3.0,1.0,2.0,kubernetes_exclusive,1.0416669017868116,1.0,4194304,1791456827.0,1791456828.0,1791456830.0,1791456830.7036638,4.707496643066406,4.707496643066406,False,jobs/jct-profile-queue-20261008-v1-short-m2-rr-0.json,choices/jct-profile-queue-20261008-v1-short-m2-rr-0.json
jct-profile-queue-20261008-v1-short-m2-rr-1,moderate,round_robin,2,spark,kubernetes,jct-profile-queue-20261008-v1-short-m2-rr-1,SUCCEEDED,4.0,2.0,2.0,kubernetes_exclusive,0.9327467590628657,1.0,4194304,1791456827.0,1791456829.0,1791456831.0,1791456831.5770023,4.707496643066406,4.207496643066406,False,jobs/jct-profile-queue-20261008-v1-short-m2-rr-1.json,choices/jct-profile-queue-20261008-v1-short-m2-rr-1.json
jct-profile-queue-20261008-v1-short-m2-rr-2,moderate,round_robin,2,jetson-nano,kubernetes,jct-profile-queue-20261008-v1-short-m2-rr-2,SUCCEEDED,11.0,1.0,10.0,kubernetes_shared_slot,7.386095066307462,1.0,4194304,1791456828.0,1791456829.0,1791456839.0,1791456838.9940715,5.707496643066406,4.707496643066406,False,jobs/jct-profile-queue-20261008-v1-short-m2-rr-2.json,choices/jct-profile-queue-20261008-v1-short-m2-rr-2.json
jct-profile-queue-20261008-v1-short-m2-rr-3,moderate,round_robin,2,jetson-agx,kubernetes,jct-profile-queue-20261008-v1-short-m2-rr-3,SUCCEEDED,10.0,1.0,9.0,kubernetes_shared_slot,5.181546726176748,1.0,4194304,1791456828.0,1791456829.0,1791456838.0,1791456837.9583063,5.707496643066406,4.207496643066406,False,jobs/jct-profile-queue-20261008-v1-short-m2-rr-3.json,choices/jct-profile-queue-20261008-v1-short-m2-rr-3.json
jct-profile-queue-20261008-v1-short-m2-rr-4,moderate,round_robin,2,rtx5080,kubernetes,jct-profile-queue-20261008-v1-short-m2-rr-4,SUCCEEDED,3.0,1.0,2.0,kubernetes_exclusive,0.6199098706711084,1.0,4194304,1791456829.0,1791456830.0,1791456832.0,1791456832.1824396,6.707496643066406,4.707496643066406,False,jobs/jct-profile-queue-20261008-v1-short-m2-rr-4.json,choices/jct-profile-queue-20261008-v1-short-m2-rr-4.json
jct-profile-queue-20261008-v1-short-m2-rr-5,moderate,round_robin,2,slurm-orin,slurm,96,SUCCEEDED,9.0,1.0,8.0,slurm_gres,7.344134057406336,1.0,4194304,1791456830.0,1791456831.0,1791456839.0,1791456839.0179408,7.707496643066406,5.207496643066406,False,jobs/jct-profile-queue-20261008-v1-short-m2-rr-5.json,choices/jct-profile-queue-20261008-v1-short-m2-rr-5.json
jct-profile-queue-20261008-v1-short-m2-pq-0,moderate,profile_queue,2,spark,kubernetes,jct-profile-queue-20261008-v1-short-m2-pq-0,SUCCEEDED,3.0,1.0,2.0,kubernetes_exclusive,0.9448923083400587,1.0,4194304,1791456847.0,1791456848.0,1791456850.0,1791456850.3780437,0.9952168464660645,0.9952168464660645,False,jobs/jct-profile-queue-20261008-v1-short-m2-pq-0.json,choices/jct-profile-queue-20261008-v1-short-m2-pq-0.json
jct-profile-queue-20261008-v1-short-m2-pq-1,moderate,profile_queue,2,rtx5060,kubernetes,jct-profile-queue-20261008-v1-short-m2-pq-1,SUCCEEDED,3.0,1.0,2.0,kubernetes_exclusive,1.043596719391644,1.0,4194304,1791456847.0,1791456848.0,1791456850.0,1791456850.5445952,0.9952168464660645,0.49521684646606445,False,jobs/jct-profile-queue-20261008-v1-short-m2-pq-1.json,choices/jct-profile-queue-20261008-v1-short-m2-pq-1.json
jct-profile-queue-20261008-v1-short-m2-pq-2,moderate,profile_queue,2,rtx5080,kubernetes,jct-profile-queue-20261008-v1-short-m2-pq-2,SUCCEEDED,3.0,1.0,2.0,kubernetes_exclusive,0.6191712697036564,1.0,4194304,1791456847.0,1791456848.0,1791456850.0,1791456850.4264784,0.9952168464660645,-0.004783153533935547,False,jobs/jct-profile-queue-20261008-v1-short-m2-pq-2.json,choices/jct-profile-queue-20261008-v1-short-m2-pq-2.json
jct-profile-queue-20261008-v1-short-m2-pq-3,moderate,profile_queue,2,slurm-orin,slurm,97,SUCCEEDED,9.0,1.0,8.0,slurm_gres,7.396561576402746,1.0,4194304,1791456848.0,1791456849.0,1791456857.0,1791456857.7873998,1.9952168464660645,0.49521684646606445,False,jobs/jct-profile-queue-20261008-v1-short-m2-pq-3.json,choices/jct-profile-queue-20261008-v1-short-m2-pq-3.json
jct-profile-queue-20261008-v1-short-m2-pq-4,moderate,profile_queue,2,spark,kubernetes,jct-profile-queue-20261008-v1-short-m2-pq-4,SUCCEEDED,9.0,7.0,2.0,kubernetes_exclusive,0.9271170641441131,1.0,4194304,1791456848.0,1791456855.0,1791456857.0,1791456857.4100542,1.9952168464660645,-0.004783153533935547,False,jobs/jct-profile-queue-20261008-v1-short-m2-pq-4.json,choices/jct-profile-queue-20261008-v1-short-m2-pq-4.json
jct-profile-queue-20261008-v1-short-m2-pq-5,moderate,profile_queue,2,rtx5060,kubernetes,jct-profile-queue-20261008-v1-short-m2-pq-5,SUCCEEDED,11.0,9.0,2.0,kubernetes_exclusive,1.0458248904906213,1.0,4194304,1791456848.0,1791456857.0,1791456859.0,1791456859.8162594,1.9952168464660645,-0.5047831535339355,False,jobs/jct-profile-queue-20261008-v1-short-m2-pq-5.json,choices/jct-profile-queue-20261008-v1-short-m2-pq-5.json
jct-profile-queue-20261008-v1-short-m2-po-0,moderate,profile_only,2,rtx5080,kubernetes,jct-profile-queue-20261008-v1-short-m2-po-0,SUCCEEDED,3.0,1.0,2.0,kubernetes_exclusive,0.6210878847632557,1.0,4194304,1791456867.0,1791456868.0,1791456870.0,1791456870.4775598,2.3429019451141357,2.3429019451141357,False,jobs/jct-profile-queue-20261008-v1-short-m2-po-0.json,choices/jct-profile-queue-20261008-v1-short-m2-po-0.json
jct-profile-queue-20261008-v1-short-m2-po-1,moderate,profile_only,2,rtx5060,kubernetes,jct-profile-queue-20261008-v1-short-m2-po-1,SUCCEEDED,4.0,2.0,2.0,kubernetes_exclusive,1.0542874378152192,1.0,4194304,1791456867.0,1791456869.0,1791456871.0,1791456871.206333,2.3429019451141357,1.8429019451141357,False,jobs/jct-profile-queue-20261008-v1-short-m2-po-1.json,choices/jct-profile-queue-20261008-v1-short-m2-po-1.json
jct-profile-queue-20261008-v1-short-m2-po-2,moderate,profile_only,2,spark,kubernetes,jct-profile-queue-20261008-v1-short-m2-po-2,SUCCEEDED,3.0,1.0,2.0,kubernetes_exclusive,0.9404091507749399,1.0,4194304,1791456868.0,1791456869.0,1791456871.0,1791456871.510793,3.3429019451141357,2.3429019451141357,False,jobs/jct-profile-queue-20261008-v1-short-m2-po-2.json,choices/jct-profile-queue-20261008-v1-short-m2-po-2.json
jct-profile-queue-20261008-v1-short-m2-po-3,moderate,profile_only,2,rtx5080,kubernetes,jct-profile-queue-20261008-v1-short-m2-po-3,SUCCEEDED,9.0,7.0,2.0,kubernetes_exclusive,0.6209352063015103,1.0,4194304,1791456868.0,1791456875.0,1791456877.0,1791456876.9849002,3.3429019451141357,1.8429019451141357,False,jobs/jct-profile-queue-20261008-v1-short-m2-po-3.json,choices/jct-profile-queue-20261008-v1-short-m2-po-3.json
jct-profile-queue-20261008-v1-short-m2-po-4,moderate,profile_only,2,rtx5080,kubernetes,jct-profile-queue-20261008-v1-short-m2-po-4,SUCCEEDED,14.0,12.0,2.0,kubernetes_exclusive,0.6203344305977225,1.0,4194304,1791456868.0,1791456880.0,1791456882.0,1791456882.1024835,3.3429019451141357,1.3429019451141357,False,jobs/jct-profile-queue-20261008-v1-short-m2-po-4.json,choices/jct-profile-queue-20261008-v1-short-m2-po-4.json
jct-profile-queue-20261008-v1-short-m2-po-5,moderate,profile_only,2,rtx5060,kubernetes,jct-profile-queue-20261008-v1-short-m2-po-5,SUCCEEDED,9.0,7.0,2.0,kubernetes_exclusive,1.041375717963092,1.0,4194304,1791456868.0,1791456875.0,1791456877.0,1791456877.5153384,3.3429019451141357,0.8429019451141357,False,jobs/jct-profile-queue-20261008-v1-short-m2-po-5.json,choices/jct-profile-queue-20261008-v1-short-m2-po-5.json
jct-profile-queue-20261008-v1-short-m0-pq-0,moderate,profile_queue,0,spark,kubernetes,jct-profile-queue-20261008-v1-short-m0-pq-0,SUCCEEDED,4.0,1.0,3.0,kubernetes_exclusive,0.9306780582846841,1.0,4194304,1791456892.0,1791456893.0,1791456896.0,1791456896.1902795,2.4481897354125977,2.4481897354125977,False,jobs/jct-profile-queue-20261008-v1-short-m0-pq-0.json,choices/jct-profile-queue-20261008-v1-short-m0-pq-0.json
jct-profile-queue-20261008-v1-short-m0-pq-1,moderate,profile_queue,0,rtx5060,kubernetes,jct-profile-queue-20261008-v1-short-m0-pq-1,SUCCEEDED,4.0,2.0,2.0,kubernetes_exclusive,1.040893258759752,1.0,4194304,1791456892.0,1791456894.0,1791456896.0,1791456896.323869,2.4481897354125977,1.9481897354125977,False,jobs/jct-profile-queue-20261008-v1-short-m0-pq-1.json,choices/jct-profile-queue-20261008-v1-short-m0-pq-1.json
jct-profile-queue-20261008-v1-short-m0-pq-2,moderate,profile_queue,0,rtx5080,kubernetes,jct-profile-queue-20261008-v1-short-m0-pq-2,SUCCEEDED,3.0,1.0,2.0,kubernetes_exclusive,0.6198192838346586,1.0,4194304,1791456893.0,1791456894.0,1791456896.0,1791456896.0241208,3.4481897354125977,2.4481897354125977,False,jobs/jct-profile-queue-20261008-v1-short-m0-pq-2.json,choices/jct-profile-queue-20261008-v1-short-m0-pq-2.json
jct-profile-queue-20261008-v1-short-m0-pq-3,moderate,profile_queue,0,slurm-orin,slurm,98,SUCCEEDED,10.0,2.0,8.0,slurm_gres,7.381022713612765,1.0,4194304,1791456893.0,1791456895.0,1791456903.0,1791456903.3622658,3.4481897354125977,1.9481897354125977,False,jobs/jct-profile-queue-20261008-v1-short-m0-pq-3.json,choices/jct-profile-queue-20261008-v1-short-m0-pq-3.json
jct-profile-queue-20261008-v1-short-m0-pq-4,moderate,profile_queue,0,spark,kubernetes,jct-profile-queue-20261008-v1-short-m0-pq-4,SUCCEEDED,13.0,10.0,3.0,kubernetes_exclusive,0.941353788759443,1.0,4194304,1791456893.0,1791456903.0,1791456906.0,1791456906.072415,3.4481897354125977,1.4481897354125977,False,jobs/jct-profile-queue-20261008-v1-short-m0-pq-4.json,choices/jct-profile-queue-20261008-v1-short-m0-pq-4.json
jct-profile-queue-20261008-v1-short-m0-pq-5,moderate,profile_queue,0,rtx5060,kubernetes,jct-profile-queue-20261008-v1-short-m0-pq-5,SUCCEEDED,14.0,12.0,2.0,kubernetes_exclusive,1.05177485011518,1.0,4194304,1791456894.0,1791456906.0,1791456908.0,1791456908.204488,4.448189735412598,1.9481897354125977,False,jobs/jct-profile-queue-20261008-v1-short-m0-pq-5.json,choices/jct-profile-queue-20261008-v1-short-m0-pq-5.json
jct-profile-queue-20261008-v1-short-m0-po-0,moderate,profile_only,0,rtx5080,kubernetes,jct-profile-queue-20261008-v1-short-m0-po-0,SUCCEEDED,3.0,2.0,1.0,kubernetes_exclusive,0.6195569762494415,1.0,4194304,1791456918.0,1791456920.0,1791456921.0,1791456921.832342,1.7582335472106934,1.7582335472106934,False,jobs/jct-profile-queue-20261008-v1-short-m0-po-0.json,choices/jct-profile-queue-20261008-v1-short-m0-po-0.json
jct-profile-queue-20261008-v1-short-m0-po-1,moderate,profile_only,0,rtx5060,kubernetes,jct-profile-queue-20261008-v1-short-m0-po-1,SUCCEEDED,3.0,1.0,2.0,kubernetes_exclusive,1.0468598663574085,1.0,4194304,1791456919.0,1791456920.0,1791456922.0,1791456922.4785056,2.7582335472106934,2.2582335472106934,False,jobs/jct-profile-queue-20261008-v1-short-m0-po-1.json,choices/jct-profile-queue-20261008-v1-short-m0-po-1.json
jct-profile-queue-20261008-v1-short-m0-po-2,moderate,profile_only,0,spark,kubernetes,jct-profile-queue-20261008-v1-short-m0-po-2,SUCCEEDED,4.0,1.0,3.0,kubernetes_exclusive,0.9276631338143488,1.0,4194304,1791456919.0,1791456920.0,1791456923.0,1791456922.9255111,2.7582335472106934,1.7582335472106934,False,jobs/jct-profile-queue-20261008-v1-short-m0-po-2.json,choices/jct-profile-queue-20261008-v1-short-m0-po-2.json
jct-profile-queue-20261008-v1-short-m0-po-3,moderate,profile_only,0,rtx5080,kubernetes,jct-profile-queue-20261008-v1-short-m0-po-3,SUCCEEDED,11.0,9.0,2.0,kubernetes_exclusive,0.6200343001401052,1.0,4194304,1791456919.0,1791456928.0,1791456930.0,1791456930.3673358,2.7582335472106934,1.2582335472106934,False,jobs/jct-profile-queue-20261008-v1-short-m0-po-3.json,choices/jct-profile-queue-20261008-v1-short-m0-po-3.json
jct-profile-queue-20261008-v1-short-m0-po-4,moderate,profile_only,0,rtx5080,kubernetes,jct-profile-queue-20261008-v1-short-m0-po-4,SUCCEEDED,17.0,15.0,2.0,kubernetes_exclusive,0.620133311371319,1.0,4194304,1791456920.0,1791456935.0,1791456937.0,1791456937.050175,3.7582335472106934,1.7582335472106934,False,jobs/jct-profile-queue-20261008-v1-short-m0-po-4.json,choices/jct-profile-queue-20261008-v1-short-m0-po-4.json
jct-profile-queue-20261008-v1-short-m0-po-5,moderate,profile_only,0,rtx5060,kubernetes,jct-profile-queue-20261008-v1-short-m0-po-5,SUCCEEDED,12.0,9.0,3.0,kubernetes_exclusive,1.044728945940733,1.0,4194304,1791456920.0,1791456929.0,1791456932.0,1791456932.1764739,3.7582335472106934,1.2582335472106934,False,jobs/jct-profile-queue-20261008-v1-short-m0-po-5.json,choices/jct-profile-queue-20261008-v1-short-m0-po-5.json
jct-profile-queue-20261008-v1-short-m0-rr-0,moderate,round_robin,0,rtx5060,kubernetes,jct-profile-queue-20261008-v1-short-m0-rr-0,SUCCEEDED,3.0,1.0,2.0,kubernetes_exclusive,1.045819102670066,1.0,4194304,1791456946.0,1791456947.0,1791456949.0,1791456949.6148758,2.992525577545166,2.992525577545166,False,jobs/jct-profile-queue-20261008-v1-short-m0-rr-0.json,choices/jct-profile-queue-20261008-v1-short-m0-rr-0.json
jct-profile-queue-20261008-v1-short-m0-rr-1,moderate,round_robin,0,spark,kubernetes,jct-profile-queue-20261008-v1-short-m0-rr-1,SUCCEEDED,4.0,1.0,3.0,kubernetes_exclusive,0.9356578712468036,1.0,4194304,1791456946.0,1791456947.0,1791456950.0,1791456949.9518287,2.992525577545166,2.492525577545166,False,jobs/jct-profile-queue-20261008-v1-short-m0-rr-1.json,choices/jct-profile-queue-20261008-v1-short-m0-rr-1.json
jct-profile-queue-20261008-v1-short-m0-rr-2,moderate,round_robin,0,jetson-nano,kubernetes,jct-profile-queue-20261008-v1-short-m0-rr-2,SUCCEEDED,11.0,1.0,10.0,kubernetes_shared_slot,7.2831642964156345,1.0,4194304,1791456946.0,1791456947.0,1791456957.0,1791456957.1319015,2.992525577545166,1.992525577545166,False,jobs/jct-profile-queue-20261008-v1-short-m0-rr-2.json,choices/jct-profile-queue-20261008-v1-short-m0-rr-2.json
jct-profile-queue-20261008-v1-short-m0-rr-3,moderate,round_robin,0,jetson-agx,kubernetes,jct-profile-queue-20261008-v1-short-m0-rr-3,SUCCEEDED,9.0,1.0,8.0,kubernetes_shared_slot,5.191800569707993,1.0,4194304,1791456947.0,1791456948.0,1791456956.0,1791456956.2155488,3.992525577545166,2.492525577545166,False,jobs/jct-profile-queue-20261008-v1-short-m0-rr-3.json,choices/jct-profile-queue-20261008-v1-short-m0-rr-3.json
jct-profile-queue-20261008-v1-short-m0-rr-4,moderate,round_robin,0,rtx5080,kubernetes,jct-profile-queue-20261008-v1-short-m0-rr-4,SUCCEEDED,3.0,1.0,2.0,kubernetes_exclusive,0.6216432028450072,1.0,4194304,1791456947.0,1791456948.0,1791456950.0,1791456950.398858,3.992525577545166,1.992525577545166,False,jobs/jct-profile-queue-20261008-v1-short-m0-rr-4.json,choices/jct-profile-queue-20261008-v1-short-m0-rr-4.json
jct-profile-queue-20261008-v1-short-m0-rr-5,moderate,round_robin,0,slurm-orin,slurm,99,SUCCEEDED,8.0,1.0,7.0,slurm_gres,7.284774724743329,1.0,4194304,1791456948.0,1791456949.0,1791456956.0,1791456956.8026104,4.992525577545166,2.492525577545166,False,jobs/jct-profile-queue-20261008-v1-short-m0-rr-5.json,choices/jct-profile-queue-20261008-v1-short-m0-rr-5.json
jct-profile-queue-20261008-v1-short-m1-po-0,moderate,profile_only,1,rtx5080,kubernetes,jct-profile-queue-20261008-v1-short-m1-po-0,SUCCEEDED,3.0,1.0,2.0,kubernetes_exclusive,0.6250289481831715,1.0,4194304,1791456966.0,1791456967.0,1791456969.0,1791456969.3978426,1.931931734085083,1.931931734085083,False,jobs/jct-profile-queue-20261008-v1-short-m1-po-0.json,choices/jct-profile-queue-20261008-v1-short-m1-po-0.json
jct-profile-queue-20261008-v1-short-m1-po-1,moderate,profile_only,1,rtx5060,kubernetes,jct-profile-queue-20261008-v1-short-m1-po-1,SUCCEEDED,4.0,1.0,3.0,kubernetes_exclusive,1.0385945189045742,1.0,4194304,1791456966.0,1791456967.0,1791456970.0,1791456970.0399923,1.931931734085083,1.431931734085083,False,jobs/jct-profile-queue-20261008-v1-short-m1-po-1.json,choices/jct-profile-queue-20261008-v1-short-m1-po-1.json
jct-profile-queue-20261008-v1-short-m1-po-2,moderate,profile_only,1,spark,kubernetes,jct-profile-queue-20261008-v1-short-m1-po-2,SUCCEEDED,3.0,1.0,2.0,kubernetes_exclusive,0.9286855453392491,1.0,4194304,1791456967.0,1791456968.0,1791456970.0,1791456970.377345,2.931931734085083,1.931931734085083,False,jobs/jct-profile-queue-20261008-v1-short-m1-po-2.json,choices/jct-profile-queue-20261008-v1-short-m1-po-2.json
jct-profile-queue-20261008-v1-short-m1-po-3,moderate,profile_only,1,rtx5080,kubernetes,jct-profile-queue-20261008-v1-short-m1-po-3,SUCCEEDED,17.0,15.0,2.0,kubernetes_exclusive,0.6202500613871962,1.0,4194304,1791456967.0,1791456982.0,1791456984.0,1791456984.367202,2.931931734085083,1.431931734085083,False,jobs/jct-profile-queue-20261008-v1-short-m1-po-3.json,choices/jct-profile-queue-20261008-v1-short-m1-po-3.json
jct-profile-queue-20261008-v1-short-m1-po-4,moderate,profile_only,1,rtx5080,kubernetes,jct-profile-queue-20261008-v1-short-m1-po-4,SUCCEEDED,10.0,8.0,2.0,kubernetes_exclusive,0.6193999255774543,1.0,4194304,1791456967.0,1791456975.0,1791456977.0,1791456977.7500658,2.931931734085083,0.931931734085083,False,jobs/jct-profile-queue-20261008-v1-short-m1-po-4.json,choices/jct-profile-queue-20261008-v1-short-m1-po-4.json
jct-profile-queue-20261008-v1-short-m1-po-5,moderate,profile_only,1,rtx5060,kubernetes,jct-profile-queue-20261008-v1-short-m1-po-5,SUCCEEDED,11.0,9.0,2.0,kubernetes_exclusive,1.039430086268112,1.0,4194304,1791456968.0,1791456977.0,1791456979.0,1791456979.4180918,3.931931734085083,1.431931734085083,False,jobs/jct-profile-queue-20261008-v1-short-m1-po-5.json,choices/jct-profile-queue-20261008-v1-short-m1-po-5.json
jct-profile-queue-20261008-v1-short-m1-rr-0,moderate,round_robin,1,rtx5060,kubernetes,jct-profile-queue-20261008-v1-short-m1-rr-0,SUCCEEDED,4.0,1.0,3.0,kubernetes_exclusive,1.059399910387583,1.0,4194304,1791456991.0,1791456992.0,1791456995.0,1791456995.2447355,0.7686612606048584,0.7686612606048584,False,jobs/jct-profile-queue-20261008-v1-short-m1-rr-0.json,choices/jct-profile-queue-20261008-v1-short-m1-rr-0.json
jct-profile-queue-20261008-v1-short-m1-rr-1,moderate,round_robin,1,spark,kubernetes,jct-profile-queue-20261008-v1-short-m1-rr-1,SUCCEEDED,3.0,1.0,2.0,kubernetes_exclusive,0.9335896912234602,1.0,4194304,1791456992.0,1791456993.0,1791456995.0,1791456995.6162765,1.7686612606048584,1.2686612606048584,False,jobs/jct-profile-queue-20261008-v1-short-m1-rr-1.json,choices/jct-profile-queue-20261008-v1-short-m1-rr-1.json
jct-profile-queue-20261008-v1-short-m1-rr-2,moderate,round_robin,1,jetson-nano,kubernetes,jct-profile-queue-20261008-v1-short-m1-rr-2,SUCCEEDED,10.0,1.0,9.0,kubernetes_shared_slot,7.30374691754696,1.0,4194304,1791456992.0,1791456993.0,1791457002.0,1791457002.852897,1.7686612606048584,0.7686612606048584,False,jobs/jct-profile-queue-20261008-v1-short-m1-rr-2.json,choices/jct-profile-queue-20261008-v1-short-m1-rr-2.json
jct-profile-queue-20261008-v1-short-m1-rr-3,moderate,round_robin,1,jetson-agx,kubernetes,jct-profile-queue-20261008-v1-short-m1-rr-3,SUCCEEDED,9.0,1.0,8.0,kubernetes_shared_slot,5.149618691255455,1.0,4194304,1791456992.0,1791456993.0,1791457001.0,1791457001.7667005,1.7686612606048584,0.2686612606048584,False,jobs/jct-profile-queue-20261008-v1-short-m1-rr-3.json,choices/jct-profile-queue-20261008-v1-short-m1-rr-3.json
jct-profile-queue-20261008-v1-short-m1-rr-4,moderate,round_robin,1,rtx5080,kubernetes,jct-profile-queue-20261008-v1-short-m1-rr-4,SUCCEEDED,3.0,1.0,2.0,kubernetes_exclusive,0.6200637847650796,1.0,4194304,1791456993.0,1791456994.0,1791456996.0,1791456995.925675,2.7686612606048584,0.7686612606048584,False,jobs/jct-profile-queue-20261008-v1-short-m1-rr-4.json,choices/jct-profile-queue-20261008-v1-short-m1-rr-4.json
jct-profile-queue-20261008-v1-short-m1-rr-5,moderate,round_robin,1,slurm-orin,slurm,100,SUCCEEDED,9.0,0.0,9.0,slurm_gres,7.330582205322571,1.0,4194304,1791456993.0,1791456993.0,1791457002.0,1791457001.84431,2.7686612606048584,0.2686612606048584,False,jobs/jct-profile-queue-20261008-v1-short-m1-rr-5.json,choices/jct-profile-queue-20261008-v1-short-m1-rr-5.json
jct-profile-queue-20261008-v1-short-m1-pq-0,moderate,profile_queue,1,spark,kubernetes,jct-profile-queue-20261008-v1-short-m1-pq-0,SUCCEEDED,3.0,1.0,2.0,kubernetes_exclusive,0.9275024330418091,1.0,4194304,1791457072.0,1791457073.0,1791457075.0,1791457075.5234065,2.4707651138305664,2.4707651138305664,False,jobs/jct-profile-queue-20261008-v1-short-m1-pq-0.json,choices/jct-profile-queue-20261008-v1-short-m1-pq-0.json
jct-profile-queue-20261008-v1-short-m1-pq-1,moderate,profile_queue,1,spark,kubernetes,jct-profile-queue-20261008-v1-short-m1-pq-1,SUCCEEDED,14.0,11.0,3.0,kubernetes_exclusive,0.9324059219361516,1.0,4194304,1791457072.0,1791457083.0,1791457086.0,1791457086.1639998,2.4707651138305664,1.9707651138305664,True,jobs/jct-profile-queue-20261008-v1-short-m1-pq-1.json,choices/jct-profile-queue-20261008-v1-short-m1-pq-1.json
jct-profile-queue-20261008-v1-short-m1-pq-2,moderate,profile_queue,1,jetson-nano,kubernetes,jct-profile-queue-20261008-v1-short-m1-pq-2,SUCCEEDED,10.0,1.0,9.0,kubernetes_shared_slot,7.38965303284931,1.0,4194304,1791457073.0,1791457074.0,1791457083.0,1791457083.6286604,3.4707651138305664,2.4707651138305664,True,jobs/jct-profile-queue-20261008-v1-short-m1-pq-2.json,choices/jct-profile-queue-20261008-v1-short-m1-pq-2.json
jct-profile-queue-20261008-v1-short-m1-pq-3,moderate,profile_queue,1,rtx5060,kubernetes,jct-profile-queue-20261008-v1-short-m1-pq-3,SUCCEEDED,3.0,1.0,2.0,kubernetes_exclusive,1.0389566818485036,1.0,4194304,1791457073.0,1791457074.0,1791457076.0,1791457076.7399328,3.4707651138305664,1.9707651138305664,False,jobs/jct-profile-queue-20261008-v1-short-m1-pq-3.json,choices/jct-profile-queue-20261008-v1-short-m1-pq-3.json
jct-profile-queue-20261008-v1-short-m1-pq-4,moderate,profile_queue,1,rtx5080,kubernetes,jct-profile-queue-20261008-v1-short-m1-pq-4,SUCCEEDED,3.0,1.0,2.0,kubernetes_exclusive,0.619748386903666,1.0,4194304,1791457073.0,1791457074.0,1791457076.0,1791457076.5294669,3.4707651138305664,1.4707651138305664,False,jobs/jct-profile-queue-20261008-v1-short-m1-pq-4.json,choices/jct-profile-queue-20261008-v1-short-m1-pq-4.json
jct-profile-queue-20261008-v1-short-m1-pq-5,moderate,profile_queue,1,slurm-orin,slurm,101,SUCCEEDED,8.0,1.0,7.0,slurm_gres,7.321536427829415,1.0,4194304,1791457074.0,1791457075.0,1791457082.0,1791457082.8495815,4.470765113830566,1.9707651138305664,False,jobs/jct-profile-queue-20261008-v1-short-m1-pq-5.json,choices/jct-profile-queue-20261008-v1-short-m1-pq-5.json
jct-profile-queue-20261008-v1-short-s2-rr-0,sparse,round_robin,2,rtx5060,kubernetes,jct-profile-queue-20261008-v1-short-s2-rr-0,SUCCEEDED,3.0,1.0,2.0,kubernetes_exclusive,1.0453635450685397,1.0,4194304,1791457094.0,1791457095.0,1791457097.0,1791457097.6490664,0.8549952507019043,0.8549952507019043,False,jobs/jct-profile-queue-20261008-v1-short-s2-rr-0.json,choices/jct-profile-queue-20261008-v1-short-s2-rr-0.json
jct-profile-queue-20261008-v1-short-s2-rr-1,sparse,round_robin,2,spark,kubernetes,jct-profile-queue-20261008-v1-short-s2-rr-1,SUCCEEDED,5.0,2.0,3.0,kubernetes_exclusive,0.9325621017924277,1.0,4194304,1791457097.0,1791457099.0,1791457102.0,1791457102.2195501,3.8549952507019043,0.8549952507019043,False,jobs/jct-profile-queue-20261008-v1-short-s2-rr-1.json,choices/jct-profile-queue-20261008-v1-short-s2-rr-1.json
jct-profile-queue-20261008-v1-short-s2-rr-2,sparse,round_robin,2,jetson-nano,kubernetes,jct-profile-queue-20261008-v1-short-s2-rr-2,SUCCEEDED,11.0,1.0,10.0,kubernetes_shared_slot,7.408382389534381,1.0,4194304,1791457100.0,1791457101.0,1791457111.0,1791457110.986685,6.854995250701904,0.8549952507019043,False,jobs/jct-profile-queue-20261008-v1-short-s2-rr-2.json,choices/jct-profile-queue-20261008-v1-short-s2-rr-2.json
jct-profile-queue-20261008-v1-short-s2-rr-3,sparse,round_robin,2,jetson-agx,kubernetes,jct-profile-queue-20261008-v1-short-s2-rr-3,SUCCEEDED,9.0,1.0,8.0,kubernetes_shared_slot,5.404508818712202,1.0,4194304,1791457103.0,1791457104.0,1791457112.0,1791457112.1316884,9.854995250701904,0.8549952507019043,False,jobs/jct-profile-queue-20261008-v1-short-s2-rr-3.json,choices/jct-profile-queue-20261008-v1-short-s2-rr-3.json
jct-profile-queue-20261008-v1-short-s2-rr-4,sparse,round_robin,2,rtx5080,kubernetes,jct-profile-queue-20261008-v1-short-s2-rr-4,SUCCEEDED,3.0,2.0,1.0,kubernetes_exclusive,0.6196300945011899,1.0,4194304,1791457105.0,1791457107.0,1791457108.0,1791457108.766069,11.854995250701904,-0.1450047492980957,False,jobs/jct-profile-queue-20261008-v1-short-s2-rr-4.json,choices/jct-profile-queue-20261008-v1-short-s2-rr-4.json
jct-profile-queue-20261008-v1-short-s2-rr-5,sparse,round_robin,2,slurm-orin,slurm,102,SUCCEEDED,9.0,1.0,8.0,slurm_gres,7.277074611512944,1.0,4194304,1791457109.0,1791457110.0,1791457118.0,1791457118.4717314,15.854995250701904,0.8549952507019043,False,jobs/jct-profile-queue-20261008-v1-short-s2-rr-5.json,choices/jct-profile-queue-20261008-v1-short-s2-rr-5.json
jct-profile-queue-20261008-v1-short-s2-pq-0,sparse,profile_queue,2,spark,kubernetes,jct-profile-queue-20261008-v1-short-s2-pq-0,SUCCEEDED,4.0,1.0,3.0,kubernetes_exclusive,0.9290299814747414,1.0,4194304,1791457124.0,1791457125.0,1791457128.0,1791457127.9445522,2.0544424057006836,2.0544424057006836,False,jobs/jct-profile-queue-20261008-v1-short-s2-pq-0.json,choices/jct-profile-queue-20261008-v1-short-s2-pq-0.json
jct-profile-queue-20261008-v1-short-s2-pq-1,sparse,profile_queue,2,rtx5060,kubernetes,jct-profile-queue-20261008-v1-short-s2-pq-1,SUCCEEDED,4.0,1.0,3.0,kubernetes_exclusive,1.0472254775231704,1.0,4194304,1791457125.0,1791457126.0,1791457129.0,1791457128.9126463,3.0544424057006836,0.054442405700683594,False,jobs/jct-profile-queue-20261008-v1-short-s2-pq-1.json,choices/jct-profile-queue-20261008-v1-short-s2-pq-1.json
jct-profile-queue-20261008-v1-short-s2-pq-2,sparse,profile_queue,2,rtx5080,kubernetes,jct-profile-queue-20261008-v1-short-s2-pq-2,SUCCEEDED,9.0,1.0,8.0,kubernetes_exclusive,0.6197294150479138,1.0,4194304,1791457128.0,1791457129.0,1791457137.0,1791457137.35348,6.054442405700684,0.054442405700683594,False,jobs/jct-profile-queue-20261008-v1-short-s2-pq-2.json,choices/jct-profile-queue-20261008-v1-short-s2-pq-2.json
jct-profile-queue-20261008-v1-short-s2-pq-3,sparse,profile_queue,2,slurm-orin,slurm,103,SUCCEEDED,9.0,1.0,8.0,slurm_gres,7.283719609840773,1.0,4194304,1791457136.0,1791457137.0,1791457145.0,1791457145.0487232,14.054442405700684,5.054442405700684,False,jobs/jct-profile-queue-20261008-v1-short-s2-pq-3.json,choices/jct-profile-queue-20261008-v1-short-s2-pq-3.json
jct-profile-queue-20261008-v1-short-s2-pq-4,sparse,profile_queue,2,rtx5080,kubernetes,jct-profile-queue-20261008-v1-short-s2-pq-4,SUCCEEDED,6.0,4.0,2.0,kubernetes_exclusive,0.6213742492254823,1.0,4194304,1791457136.0,1791457140.0,1791457142.0,1791457142.5273356,14.054442405700684,2.0544424057006836,True,jobs/jct-profile-queue-20261008-v1-short-s2-pq-4.json,choices/jct-profile-queue-20261008-v1-short-s2-pq-4.json
jct-profile-queue-20261008-v1-short-s2-pq-5,sparse,profile_queue,2,spark,kubernetes,jct-profile-queue-20261008-v1-short-s2-pq-5,SUCCEEDED,4.0,1.0,3.0,kubernetes_exclusive,0.9281156901270151,1.0,4194304,1791457137.0,1791457138.0,1791457141.0,1791457141.0741851,15.054442405700684,0.054442405700683594,False,jobs/jct-profile-queue-20261008-v1-short-s2-pq-5.json,choices/jct-profile-queue-20261008-v1-short-s2-pq-5.json
jct-profile-queue-20261008-v1-short-s2-po-0,sparse,profile_only,2,rtx5080,kubernetes,jct-profile-queue-20261008-v1-short-s2-po-0,SUCCEEDED,3.0,1.0,2.0,kubernetes_exclusive,0.6200748182600364,1.0,4194304,1791457150.0,1791457151.0,1791457153.0,1791457153.0636187,1.0864241123199463,1.0864241123199463,False,jobs/jct-profile-queue-20261008-v1-short-s2-po-0.json,choices/jct-profile-queue-20261008-v1-short-s2-po-0.json
jct-profile-queue-20261008-v1-short-s2-po-1,sparse,profile_only,2,rtx5060,kubernetes,jct-profile-queue-20261008-v1-short-s2-po-1,SUCCEEDED,3.0,1.0,2.0,kubernetes_exclusive,1.0470508765429258,1.0,4194304,1791457153.0,1791457154.0,1791457156.0,1791457156.5158648,4.086424112319946,1.0864241123199463,False,jobs/jct-profile-queue-20261008-v1-short-s2-po-1.json,choices/jct-profile-queue-20261008-v1-short-s2-po-1.json
jct-profile-queue-20261008-v1-short-s2-po-2,sparse,profile_only,2,spark,kubernetes,jct-profile-queue-20261008-v1-short-s2-po-2,SUCCEEDED,5.0,1.0,4.0,kubernetes_exclusive,0.9310604113416048,1.0,4194304,1791457156.0,1791457157.0,1791457161.0,1791457161.3293033,7.086424112319946,1.0864241123199463,False,jobs/jct-profile-queue-20261008-v1-short-s2-po-2.json,choices/jct-profile-queue-20261008-v1-short-s2-po-2.json
jct-profile-queue-20261008-v1-short-s2-po-3,sparse,profile_only,2,rtx5080,kubernetes,jct-profile-queue-20261008-v1-short-s2-po-3,SUCCEEDED,3.0,1.0,2.0,kubernetes_exclusive,0.6198759379331023,1.0,4194304,1791457159.0,1791457160.0,1791457162.0,1791457162.2266507,10.086424112319946,1.0864241123199463,False,jobs/jct-profile-queue-20261008-v1-short-s2-po-3.json,choices/jct-profile-queue-20261008-v1-short-s2-po-3.json
jct-profile-queue-20261008-v1-short-s2-po-4,sparse,profile_only,2,rtx5080,kubernetes,jct-profile-queue-20261008-v1-short-s2-po-4,SUCCEEDED,6.0,4.0,2.0,kubernetes_exclusive,0.6189452563412488,1.0,4194304,1791457162.0,1791457166.0,1791457168.0,1791457168.6029606,13.086424112319946,1.0864241123199463,False,jobs/jct-profile-queue-20261008-v1-short-s2-po-4.json,choices/jct-profile-queue-20261008-v1-short-s2-po-4.json
jct-profile-queue-20261008-v1-short-s2-po-5,sparse,profile_only,2,rtx5060,kubernetes,jct-profile-queue-20261008-v1-short-s2-po-5,SUCCEEDED,3.0,1.0,2.0,kubernetes_exclusive,1.042415549280122,1.0,4194304,1791457165.0,1791457166.0,1791457168.0,1791457168.4948165,16.086424112319946,1.0864241123199463,False,jobs/jct-profile-queue-20261008-v1-short-s2-po-5.json,choices/jct-profile-queue-20261008-v1-short-s2-po-5.json
jct-profile-queue-20261008-v1-short-b1-pq-0,burst,profile_queue,1,spark,kubernetes,jct-profile-queue-20261008-v1-short-b1-pq-0,SUCCEEDED,3.0,1.0,2.0,kubernetes_exclusive,0.9327232256327989,1.0,4194304,1791457177.0,1791457178.0,1791457180.0,1791457180.3742516,1.4841578006744385,1.4841578006744385,False,jobs/jct-profile-queue-20261008-v1-short-b1-pq-0.json,choices/jct-profile-queue-20261008-v1-short-b1-pq-0.json
jct-profile-queue-20261008-v1-short-b1-pq-1,burst,profile_queue,1,rtx5060,kubernetes,jct-profile-queue-20261008-v1-short-b1-pq-1,SUCCEEDED,3.0,1.0,2.0,kubernetes_exclusive,1.0497065836098045,1.0,4194304,1791457177.0,1791457178.0,1791457180.0,1791457180.8557525,1.4841578006744385,1.4841578006744385,False,jobs/jct-profile-queue-20261008-v1-short-b1-pq-1.json,choices/jct-profile-queue-20261008-v1-short-b1-pq-1.json
jct-profile-queue-20261008-v1-short-b1-pq-2,burst,profile_queue,1,rtx5080,kubernetes,jct-profile-queue-20261008-v1-short-b1-pq-2,SUCCEEDED,3.0,1.0,2.0,kubernetes_exclusive,0.6207142394268885,1.0,4194304,1791457177.0,1791457178.0,1791457180.0,1791457180.6235385,1.4841578006744385,1.4841578006744385,False,jobs/jct-profile-queue-20261008-v1-short-b1-pq-2.json,choices/jct-profile-queue-20261008-v1-short-b1-pq-2.json
jct-profile-queue-20261008-v1-short-b1-pq-3,burst,profile_queue,1,slurm-orin,slurm,104,SUCCEEDED,9.0,1.0,8.0,slurm_gres,7.361772275995463,1.0,4194304,1791457180.0,1791457181.0,1791457189.0,1791457189.4339993,4.4841578006744385,4.4841578006744385,False,jobs/jct-profile-queue-20261008-v1-short-b1-pq-3.json,choices/jct-profile-queue-20261008-v1-short-b1-pq-3.json
jct-profile-queue-20261008-v1-short-b1-pq-4,burst,profile_queue,1,spark,kubernetes,jct-profile-queue-20261008-v1-short-b1-pq-4,SUCCEEDED,8.0,6.0,2.0,kubernetes_exclusive,0.9305935140582733,1.0,4194304,1791457178.0,1791457184.0,1791457186.0,1791457186.4908361,2.4841578006744385,2.4841578006744385,False,jobs/jct-profile-queue-20261008-v1-short-b1-pq-4.json,choices/jct-profile-queue-20261008-v1-short-b1-pq-4.json
jct-profile-queue-20261008-v1-short-b1-pq-5,burst,profile_queue,1,rtx5060,kubernetes,jct-profile-queue-20261008-v1-short-b1-pq-5,SUCCEEDED,9.0,7.0,2.0,kubernetes_exclusive,1.0406175265088677,1.0,4194304,1791457179.0,1791457186.0,1791457188.0,1791457188.5235832,3.4841578006744385,3.4841578006744385,False,jobs/jct-profile-queue-20261008-v1-short-b1-pq-5.json,choices/jct-profile-queue-20261008-v1-short-b1-pq-5.json
jct-profile-queue-20261008-v1-short-b1-po-0,burst,profile_only,1,rtx5080,kubernetes,jct-profile-queue-20261008-v1-short-b1-po-0,SUCCEEDED,2.0,1.0,1.0,kubernetes_exclusive,0.6203909936593845,1.0,4194304,1791457197.0,1791457198.0,1791457199.0,1791457199.8702676,2.422182559967041,2.422182559967041,False,jobs/jct-profile-queue-20261008-v1-short-b1-po-0.json,choices/jct-profile-queue-20261008-v1-short-b1-po-0.json
jct-profile-queue-20261008-v1-short-b1-po-1,burst,profile_only,1,rtx5060,kubernetes,jct-profile-queue-20261008-v1-short-b1-po-1,SUCCEEDED,4.0,1.0,3.0,kubernetes_exclusive,1.048431038740091,1.0,4194304,1791457197.0,1791457198.0,1791457201.0,1791457200.9208894,2.422182559967041,2.422182559967041,False,jobs/jct-profile-queue-20261008-v1-short-b1-po-1.json,choices/jct-profile-queue-20261008-v1-short-b1-po-1.json
jct-profile-queue-20261008-v1-short-b1-po-2,burst,profile_only,1,spark,kubernetes,jct-profile-queue-20261008-v1-short-b1-po-2,SUCCEEDED,3.0,1.0,2.0,kubernetes_exclusive,0.9280925124912756,1.0,4194304,1791457198.0,1791457199.0,1791457201.0,1791457201.6441545,3.422182559967041,3.422182559967041,False,jobs/jct-profile-queue-20261008-v1-short-b1-po-2.json,choices/jct-profile-queue-20261008-v1-short-b1-po-2.json
jct-profile-queue-20261008-v1-short-b1-po-3,burst,profile_only,1,rtx5080,kubernetes,jct-profile-queue-20261008-v1-short-b1-po-3,SUCCEEDED,8.0,6.0,2.0,kubernetes_exclusive,0.6205003801733255,1.0,4194304,1791457198.0,1791457204.0,1791457206.0,1791457206.0410404,3.422182559967041,3.422182559967041,False,jobs/jct-profile-queue-20261008-v1-short-b1-po-3.json,choices/jct-profile-queue-20261008-v1-short-b1-po-3.json
jct-profile-queue-20261008-v1-short-b1-po-4,burst,profile_only,1,rtx5080,kubernetes,jct-profile-queue-20261008-v1-short-b1-po-4,SUCCEEDED,12.0,10.0,2.0,kubernetes_exclusive,0.6199501299997792,1.0,4194304,1791457199.0,1791457209.0,1791457211.0,1791457211.3247635,4.422182559967041,4.422182559967041,False,jobs/jct-profile-queue-20261008-v1-short-b1-po-4.json,choices/jct-profile-queue-20261008-v1-short-b1-po-4.json
jct-profile-queue-20261008-v1-short-b1-po-5,burst,profile_only,1,rtx5060,kubernetes,jct-profile-queue-20261008-v1-short-b1-po-5,SUCCEEDED,9.0,7.0,2.0,kubernetes_exclusive,1.0505885812453926,1.0,4194304,1791457199.0,1791457206.0,1791457208.0,1791457208.3714094,4.422182559967041,4.422182559967041,False,jobs/jct-profile-queue-20261008-v1-short-b1-po-5.json,choices/jct-profile-queue-20261008-v1-short-b1-po-5.json
jct-profile-queue-20261008-v1-short-b1-rr-0,burst,round_robin,1,rtx5060,kubernetes,jct-profile-queue-20261008-v1-short-b1-rr-0,SUCCEEDED,4.0,1.0,3.0,kubernetes_exclusive,1.0509541233768687,1.0,4194304,1791457218.0,1791457219.0,1791457222.0,1791457221.9999063,0.7739198207855225,0.7739198207855225,False,jobs/jct-profile-queue-20261008-v1-short-b1-rr-0.json,choices/jct-profile-queue-20261008-v1-short-b1-rr-0.json
jct-profile-queue-20261008-v1-short-b1-rr-1,burst,round_robin,1,spark,kubernetes,jct-profile-queue-20261008-v1-short-b1-rr-1,SUCCEEDED,4.0,2.0,2.0,kubernetes_exclusive,0.9316635660943575,1.0,4194304,1791457218.0,1791457220.0,1791457222.0,1791457222.37101,0.7739198207855225,0.7739198207855225,False,jobs/jct-profile-queue-20261008-v1-short-b1-rr-1.json,choices/jct-profile-queue-20261008-v1-short-b1-rr-1.json
jct-profile-queue-20261008-v1-short-b1-rr-2,burst,round_robin,1,jetson-nano,kubernetes,jct-profile-queue-20261008-v1-short-b1-rr-2,SUCCEEDED,10.0,1.0,9.0,kubernetes_shared_slot,7.325157891129493,1.0,4194304,1791457219.0,1791457220.0,1791457229.0,1791457229.7692826,1.7739198207855225,1.7739198207855225,False,jobs/jct-profile-queue-20261008-v1-short-b1-rr-2.json,choices/jct-profile-queue-20261008-v1-short-b1-rr-2.json
jct-profile-queue-20261008-v1-short-b1-rr-3,burst,round_robin,1,jetson-agx,kubernetes,jct-profile-queue-20261008-v1-short-b1-rr-3,SUCCEEDED,9.0,1.0,8.0,kubernetes_shared_slot,5.0893132469500415,1.0,4194304,1791457219.0,1791457220.0,1791457228.0,1791457228.8259695,1.7739198207855225,1.7739198207855225,False,jobs/jct-profile-queue-20261008-v1-short-b1-rr-3.json,choices/jct-profile-queue-20261008-v1-short-b1-rr-3.json
jct-profile-queue-20261008-v1-short-b1-rr-4,burst,round_robin,1,rtx5080,kubernetes,jct-profile-queue-20261008-v1-short-b1-rr-4,SUCCEEDED,3.0,1.0,2.0,kubernetes_exclusive,0.6202111996244639,1.0,4194304,1791457220.0,1791457221.0,1791457223.0,1791457223.4307122,2.7739198207855225,2.7739198207855225,False,jobs/jct-profile-queue-20261008-v1-short-b1-rr-4.json,choices/jct-profile-queue-20261008-v1-short-b1-rr-4.json
jct-profile-queue-20261008-v1-short-b1-rr-5,burst,round_robin,1,slurm-orin,slurm,105,SUCCEEDED,8.0,0.0,8.0,slurm_gres,7.322069450747222,1.0,4194304,1791457221.0,1791457221.0,1791457229.0,1791457229.799165,3.7739198207855225,3.7739198207855225,False,jobs/jct-profile-queue-20261008-v1-short-b1-rr-5.json,choices/jct-profile-queue-20261008-v1-short-b1-rr-5.json
jct-profile-queue-20261008-v1-short-b0-rr-0,burst,round_robin,0,rtx5060,kubernetes,jct-profile-queue-20261008-v1-short-b0-rr-0,SUCCEEDED,4.0,1.0,3.0,kubernetes_exclusive,1.0461662674788386,1.0,4194304,1791457238.0,1791457239.0,1791457242.0,1791457242.217917,2.498018980026245,2.498018980026245,False,jobs/jct-profile-queue-20261008-v1-short-b0-rr-0.json,choices/jct-profile-queue-20261008-v1-short-b0-rr-0.json
jct-profile-queue-20261008-v1-short-b0-rr-1,burst,round_robin,0,spark,kubernetes,jct-profile-queue-20261008-v1-short-b0-rr-1,SUCCEEDED,3.0,1.0,2.0,kubernetes_exclusive,0.9336396950529888,1.0,4194304,1791457239.0,1791457240.0,1791457242.0,1791457242.814931,3.498018980026245,3.498018980026245,False,jobs/jct-profile-queue-20261008-v1-short-b0-rr-1.json,choices/jct-profile-queue-20261008-v1-short-b0-rr-1.json
jct-profile-queue-20261008-v1-short-b0-rr-2,burst,round_robin,0,jetson-nano,kubernetes,jct-profile-queue-20261008-v1-short-b0-rr-2,SUCCEEDED,10.0,1.0,9.0,kubernetes_shared_slot,7.372544451223803,1.0,4194304,1791457240.0,1791457241.0,1791457250.0,1791457250.7307022,4.498018980026245,4.498018980026245,False,jobs/jct-profile-queue-20261008-v1-short-b0-rr-2.json,choices/jct-profile-queue-20261008-v1-short-b0-rr-2.json
jct-profile-queue-20261008-v1-short-b0-rr-3,burst,round_robin,0,jetson-agx,kubernetes,jct-profile-queue-20261008-v1-short-b0-rr-3,SUCCEEDED,9.0,1.0,8.0,kubernetes_shared_slot,5.2414745702262735,1.0,4194304,1791457240.0,1791457241.0,1791457249.0,1791457249.7559886,4.498018980026245,4.498018980026245,False,jobs/jct-profile-queue-20261008-v1-short-b0-rr-3.json,choices/jct-profile-queue-20261008-v1-short-b0-rr-3.json
jct-profile-queue-20261008-v1-short-b0-rr-4,burst,round_robin,0,rtx5080,kubernetes,jct-profile-queue-20261008-v1-short-b0-rr-4,SUCCEEDED,3.0,1.0,2.0,kubernetes_exclusive,0.6200053138891235,1.0,4194304,1791457241.0,1791457242.0,1791457244.0,1791457243.9403937,5.498018980026245,5.498018980026245,False,jobs/jct-profile-queue-20261008-v1-short-b0-rr-4.json,choices/jct-profile-queue-20261008-v1-short-b0-rr-4.json
jct-profile-queue-20261008-v1-short-b0-rr-5,burst,round_robin,0,slurm-orin,slurm,106,SUCCEEDED,8.0,1.0,7.0,slurm_gres,7.326199626666494,1.0,4194304,1791457241.0,1791457242.0,1791457249.0,1791457249.832203,5.498018980026245,5.498018980026245,False,jobs/jct-profile-queue-20261008-v1-short-b0-rr-5.json,choices/jct-profile-queue-20261008-v1-short-b0-rr-5.json
jct-profile-queue-20261008-v1-short-b0-pq-0,burst,profile_queue,0,spark,kubernetes,jct-profile-queue-20261008-v1-short-b0-pq-0,SUCCEEDED,4.0,1.0,3.0,kubernetes_exclusive,0.939117034766241,1.0,4194304,1791457258.0,1791457259.0,1791457262.0,1791457262.1174142,2.309927225112915,2.309927225112915,False,jobs/jct-profile-queue-20261008-v1-short-b0-pq-0.json,choices/jct-profile-queue-20261008-v1-short-b0-pq-0.json
jct-profile-queue-20261008-v1-short-b0-pq-1,burst,profile_queue,0,rtx5060,kubernetes,jct-profile-queue-20261008-v1-short-b0-pq-1,SUCCEEDED,3.0,1.0,2.0,kubernetes_exclusive,1.050848281593062,1.0,4194304,1791457259.0,1791457260.0,1791457262.0,1791457262.574318,3.309927225112915,3.309927225112915,False,jobs/jct-profile-queue-20261008-v1-short-b0-pq-1.json,choices/jct-profile-queue-20261008-v1-short-b0-pq-1.json
jct-profile-queue-20261008-v1-short-b0-pq-2,burst,profile_queue,0,rtx5080,kubernetes,jct-profile-queue-20261008-v1-short-b0-pq-2,SUCCEEDED,2.0,1.0,1.0,kubernetes_exclusive,0.6198903103359044,1.0,4194304,1791457260.0,1791457261.0,1791457262.0,1791457262.8598158,4.309927225112915,4.309927225112915,False,jobs/jct-profile-queue-20261008-v1-short-b0-pq-2.json,choices/jct-profile-queue-20261008-v1-short-b0-pq-2.json
jct-profile-queue-20261008-v1-short-b0-pq-3,burst,profile_queue,0,slurm-orin,slurm,107,SUCCEEDED,9.0,1.0,8.0,slurm_gres,7.339982249541208,1.0,4194304,1791457260.0,1791457261.0,1791457269.0,1791457269.0148342,4.309927225112915,4.309927225112915,False,jobs/jct-profile-queue-20261008-v1-short-b0-pq-3.json,choices/jct-profile-queue-20261008-v1-short-b0-pq-3.json
jct-profile-queue-20261008-v1-short-b0-pq-4,burst,profile_queue,0,spark,kubernetes,jct-profile-queue-20261008-v1-short-b0-pq-4,SUCCEEDED,10.0,8.0,2.0,kubernetes_exclusive,0.9308779417333426,1.0,4194304,1791457260.0,1791457268.0,1791457270.0,1791457270.510218,4.309927225112915,4.309927225112915,False,jobs/jct-profile-queue-20261008-v1-short-b0-pq-4.json,choices/jct-profile-queue-20261008-v1-short-b0-pq-4.json
jct-profile-queue-20261008-v1-short-b0-pq-5,burst,profile_queue,0,rtx5060,kubernetes,jct-profile-queue-20261008-v1-short-b0-pq-5,SUCCEEDED,10.0,8.0,2.0,kubernetes_exclusive,1.040456967893988,1.0,4194304,1791457261.0,1791457269.0,1791457271.0,1791457271.5941622,5.309927225112915,5.309927225112915,False,jobs/jct-profile-queue-20261008-v1-short-b0-pq-5.json,choices/jct-profile-queue-20261008-v1-short-b0-pq-5.json
jct-profile-queue-20261008-v1-short-b0-po-0,burst,profile_only,0,rtx5080,kubernetes,jct-profile-queue-20261008-v1-short-b0-po-0,SUCCEEDED,3.0,1.0,2.0,kubernetes_exclusive,0.620969686191529,1.0,4194304,1791457280.0,1791457281.0,1791457283.0,1791457282.9105191,2.381911039352417,2.381911039352417,False,jobs/jct-profile-queue-20261008-v1-short-b0-po-0.json,choices/jct-profile-queue-20261008-v1-short-b0-po-0.json
jct-profile-queue-20261008-v1-short-b0-po-1,burst,profile_only,0,rtx5060,kubernetes,jct-profile-queue-20261008-v1-short-b0-po-1,SUCCEEDED,4.0,1.0,3.0,kubernetes_exclusive,1.047569582122378,1.0,4194304,1791457280.0,1791457281.0,1791457284.0,1791457283.8801723,2.381911039352417,2.381911039352417,False,jobs/jct-profile-queue-20261008-v1-short-b0-po-1.json,choices/jct-profile-queue-20261008-v1-short-b0-po-1.json
jct-profile-queue-20261008-v1-short-b0-po-2,burst,profile_only,0,spark,kubernetes,jct-profile-queue-20261008-v1-short-b0-po-2,SUCCEEDED,3.0,1.0,2.0,kubernetes_exclusive,0.9314165141695412,1.0,4194304,1791457281.0,1791457282.0,1791457284.0,1791457284.6384163,3.381911039352417,3.381911039352417,False,jobs/jct-profile-queue-20261008-v1-short-b0-po-2.json,choices/jct-profile-queue-20261008-v1-short-b0-po-2.json
jct-profile-queue-20261008-v1-short-b0-po-3,burst,profile_only,0,rtx5080,kubernetes,jct-profile-queue-20261008-v1-short-b0-po-3,SUCCEEDED,8.0,7.0,1.0,kubernetes_exclusive,0.6209700733888894,1.0,4194304,1791457281.0,1791457288.0,1791457289.0,1791457289.7709644,3.381911039352417,3.381911039352417,False,jobs/jct-profile-queue-20261008-v1-short-b0-po-3.json,choices/jct-profile-queue-20261008-v1-short-b0-po-3.json
jct-profile-queue-20261008-v1-short-b0-po-4,burst,profile_only,0,rtx5080,kubernetes,jct-profile-queue-20261008-v1-short-b0-po-4,SUCCEEDED,14.0,12.0,2.0,kubernetes_exclusive,0.6229992558946833,1.0,4194304,1791457282.0,1791457294.0,1791457296.0,1791457296.1119354,4.381911039352417,4.381911039352417,False,jobs/jct-profile-queue-20261008-v1-short-b0-po-4.json,choices/jct-profile-queue-20261008-v1-short-b0-po-4.json
jct-profile-queue-20261008-v1-short-b0-po-5,burst,profile_only,0,rtx5060,kubernetes,jct-profile-queue-20261008-v1-short-b0-po-5,SUCCEEDED,8.0,6.0,2.0,kubernetes_exclusive,1.046453389339149,1.0,4194304,1791457282.0,1791457288.0,1791457290.0,1791457290.3867707,4.381911039352417,4.381911039352417,False,jobs/jct-profile-queue-20261008-v1-short-b0-po-5.json,choices/jct-profile-queue-20261008-v1-short-b0-po-5.json
