arm,attempt_id,candidate_ref,backend,runtime,outcome,native_id,requested_forwards,images,quality,jct_seconds,wait_seconds,synchronized_compute_seconds,compilation_seconds,reservation_seconds,reservation_unit,submit_duration_seconds,error
baseline,profile-all-20261008-v3-mlp-baseline-0,rtx5060,kubernetes,cuda,SUCCEEDED,profile-all-20261008-v3-mlp-baseline-0,16384,4194304,1.0,3.0,1.0,1.0547782309586182,,2.0,kubernetes_gpu_exclusive_seconds,0.10070563794579357,
baseline,profile-all-20261008-v3-mlp-baseline-1,spark,kubernetes,cuda,SUCCEEDED,profile-all-20261008-v3-mlp-baseline-1,16384,4194304,1.0,3.0,1.0,0.9393277718045283,,2.0,kubernetes_gpu_exclusive_seconds,0.10027586005162448,
baseline,profile-all-20261008-v3-mlp-baseline-2,jetson-nano,kubernetes,cuda,SUCCEEDED,profile-all-20261008-v3-mlp-baseline-2,16384,4194304,1.0,10.0,1.0,7.2869577992969425,,9.0,kubernetes_gpu_shared_slot_seconds,0.10014159104321152,
baseline,profile-all-20261008-v3-mlp-baseline-3,jetson-agx,kubernetes,cuda,SUCCEEDED,profile-all-20261008-v3-mlp-baseline-3,16384,4194304,1.0,9.0,1.0,5.061056689868565,,8.0,kubernetes_gpu_shared_slot_seconds,0.092545849038288,
baseline,profile-all-20261008-v3-mlp-baseline-4,rtx5080,kubernetes,cuda,SUCCEEDED,profile-all-20261008-v3-mlp-baseline-4,16384,4194304,1.0,3.0,1.0,0.6178937470540404,,2.0,kubernetes_gpu_exclusive_seconds,0.09971258405130357,
baseline,profile-all-20261008-v3-mlp-baseline-5,slurm-orin,slurm,cuda,SUCCEEDED,109,16384,4194304,1.0,8.0,0.0,7.3675630774814636,,8.0,slurm_gpu_gres_seconds,0.38655427610501647,
baseline,profile-all-20261008-v3-mlp-baseline-6,intel-npu,kubernetes,openvino,SUCCEEDED,profile-all-20261008-v3-mlp-baseline-6,16384,4194304,1.0,5.0,0.0,3.6336630455916747,0.09544900094624609,5.0,kubernetes_npu_reservation_seconds,0.0986079410649836,
reuse,profile-all-20261008-v3-mlp-reuse-0,rtx5080,kubernetes,cuda,SUCCEEDED,profile-all-20261008-v3-mlp-reuse-0,16384,4194304,1.0,9.0,6.0,0.6197596525307745,,3.0,kubernetes_gpu_exclusive_seconds,1.3144448570674285,
reuse,profile-all-20261008-v3-mlp-reuse-1,rtx5060,kubernetes,cuda,SUCCEEDED,profile-all-20261008-v3-mlp-reuse-1,16384,4194304,1.0,10.0,7.0,1.0635625845752656,,3.0,kubernetes_gpu_exclusive_seconds,1.314103998010978,
reuse,profile-all-20261008-v3-mlp-reuse-2,spark,kubernetes,cuda,SUCCEEDED,profile-all-20261008-v3-mlp-reuse-2,16384,4194304,1.0,11.0,7.0,0.938216571623343,,4.0,kubernetes_gpu_exclusive_seconds,1.2999958710279316,
reuse,profile-all-20261008-v3-mlp-reuse-3,rtx5080,kubernetes,cuda,SUCCEEDED,profile-all-20261008-v3-mlp-reuse-3,16384,4194304,1.0,21.0,19.0,0.6199281275039539,,2.0,kubernetes_gpu_exclusive_seconds,1.3249164919834584,
reuse,profile-all-20261008-v3-mlp-reuse-4,rtx5080,kubernetes,cuda,SUCCEEDED,profile-all-20261008-v3-mlp-reuse-4,16384,4194304,1.0,31.0,29.0,0.6185361016541719,,2.0,kubernetes_gpu_exclusive_seconds,1.3136850260198116,
reuse,profile-all-20261008-v3-mlp-reuse-5,rtx5060,kubernetes,cuda,SUCCEEDED,profile-all-20261008-v3-mlp-reuse-5,16384,4194304,1.0,28.0,22.0,1.046632767887786,,6.0,kubernetes_gpu_exclusive_seconds,1.3245063250651583,
reuse,profile-all-20261008-v3-mlp-reuse-6,spark,kubernetes,cuda,SUCCEEDED,profile-all-20261008-v3-mlp-reuse-6,16384,4194304,1.0,21.0,19.0,0.9322445784782758,,2.0,kubernetes_gpu_exclusive_seconds,1.324030677904375,
