index,block,arm,candidate_ref,raw_result_wall_seconds,validated_wall_seconds,delivery_wall_seconds,platform_recorded_validation_seconds,platform_recorded_delivery_seconds,compute_seconds,gpu_seconds,cpu_core_seconds
0,0,B1,cpu1,11.067605,199.896318,199.922837,13.786614,14.166979,0.26382858509896323,3.0,3.0
1,0,B2,cpu2,7.097119,7.136851,7.148559,6.344957,6.689533,0.2613139209570363,2.0,4.0
2,0,B0,cpu1,6.890441,,,,,0.2637553720269352,3.0,3.0
3,1,B0,cpu1,7.028092,,,,,0.263327278138604,3.0,3.0
4,1,B2,cpu2,6.920161,12.990069,12.999881,10.96017,11.326864,0.26026940008159727,2.0,4.0
5,1,B1,cpu1,11.054338,15.094597,15.102526,13.929395,14.226088,0.2638631689478643,2.0,2.0
6,2,B1,cpu1,11.097719,11.118034,11.123618,9.402256,9.792255,0.26315058703767136,2.0,2.0
7,2,B2,cpu2,11.377552,15.418779,15.424775,14.086659,14.545117,0.261695291090291,2.0,4.0
8,2,B0,cpu1,7.039499,,,,,0.26318542880471796,3.0,3.0
9,3,B0,cpu1,6.989758,,,,,0.2640287931426428,2.0,2.0
10,3,B2,cpu2,13.212854,17.274481,17.284939,15.465295,15.759417,0.2612340190098621,2.0,4.0
11,3,B1,cpu1,11.081128,11.099108,11.111011,8.842792,9.159303,0.26350351294968277,2.0,2.0
12,4,B2,cpu2,9.274729,15.3309,15.341029,13.401239,13.698301,0.26132695004343987,3.0,6.0
13,4,B0,cpu1,6.950103,,,,,0.2642764849588275,2.0,2.0
14,4,B1,cpu1,9.113054,9.136872,9.14941,6.803422,7.092921,0.2637159207952209,3.0,3.0
15,5,B2,cpu2,11.073618,15.116227,15.122906,13.394112,13.709048,0.26079865905921906,3.0,6.0
16,5,B0,cpu1,7.167383,,,,,0.26399702101480216,3.0,3.0
17,5,B1,cpu1,6.955429,6.968841,9.001521,6.767292,7.109873,0.26436519605340436,3.0,3.0
