arm,uses,raw_wall_seconds_including_profile,observed_completion_seconds_including_profile,platform_recorded_delivery_seconds_including_profile,gpu_seconds_including_profile,cpu_core_seconds_including_profile
B0,1,6.890441,6.890441,,3.0,3.0
B0,2,13.918533,13.918533,,6.0,6.0
B0,3,20.958032,20.958032,,9.0,9.0
B0,4,27.94779,27.94779,,11.0,11.0
B0,5,34.897893,34.897893,,13.0,13.0
B0,6,42.065276,42.065276,,16.0,16.0
B1,1,11.067605,199.922837,14.166979,3.0,3.0
B1,2,22.121943,215.025363,28.393067000000002,5.0,5.0
B1,3,33.219662,226.148981,38.185322,7.0,7.0
B1,4,44.30079,237.25999199999998,47.344625,9.0,9.0
B1,5,53.413844,246.409402,54.437546,12.0,12.0
B1,6,60.369273,255.410923,61.547419,15.0,15.0
B2,1,361.536284,361.587724,361.128698,51.0,52.5
B2,2,368.45644500000003,374.587605,372.455562,53.0,56.5
B2,3,379.833997,390.01238,387.000679,55.0,60.5
B2,4,393.046851,407.297319,402.760096,57.0,64.5
B2,5,402.32158,422.638348,416.458397,60.0,70.5
B2,6,413.395198,437.761254,430.167445,63.0,76.5
