workload,arm,N,wall_seconds,device_seconds,cpu_core_seconds
W1,static,1,27.742979,9.0,11.0
W1,static,2,40.689082,11.0,13.0
W1,static,3,56.463414,13.0,15.0
W1,random,1,245.726869,29.0,32.0
W1,random,2,261.859521,32.0,35.0
W1,random,3,274.443631,34.0,37.0
W1,qlognei,1,250.606984,30.0,34.5
W1,qlognei,2,262.454865,33.0,37.5
W1,qlognei,3,274.687254,36.0,40.5
W2,static,1,54.87836,9.0,12.0
W2,static,2,65.620496,11.0,14.0
W2,static,3,77.892482,13.0,16.0
W2,random,1,352.93662700000004,39.0,52.5
W2,random,2,365.069563,42.0,58.5
W2,random,3,376.872685,45.0,64.5
W2,qlognei,1,352.789785,39.0,55.0
W2,qlognei,2,364.222795,41.0,59.0
W2,qlognei,3,375.268462,43.0,63.0
